national_number	description
001	A small, quadrupedal reptilian creature with teal-green skin and darker patches. It has large, red eyes, a wide mouth, and small, pointed ears. A prominent, green plant bulb is fused to its back.
002	A medium-sized, quadrupedal reptilian creature. Its teal skin is slightly darker. The bulb on its back has bloomed into a pink flower bud with large green leaves at its base.
003	A large, heavy-set quadrupedal creature with bumpy, bluish-green skin. The bud on its back has fully bloomed into a giant, pink, multi-petaled flower with a white-spotted pattern, supported by a thick, trunk-like stem.
004	A small, bipedal lizard-like creature with orange skin and a cream-colored underbelly. It has sharp claws, blue eyes, and a single flame burning at the tip of its long, thin tail.
005	A bipedal, reptilian creature with a darker, reddish-orange skin tone. It has a longer snout, more pronounced claws, and a single, sharp horn-like protrusion on the back of its head. The flame on its tail is larger.
006	A large, bipedal, draconic creature with orange skin and a cream-colored belly. It has a long neck, two large leathery wings with teal-green undersides, two horns on its head, and a powerful tail with a large flame at its tip.
007	A small, bipedal turtle with light-blue skin. It has a brown shell with a pale-yellow underside and a white, ridged border. It has large, brown eyes and a short, curled tail.
008	A medium-sized, bipedal turtle with a deeper blue skin tone. It has two prominent, feathery white ears. Its brown shell is well-worn, and its tail is now large, white, and fluffy.
009	A large, bipedal turtle with a massive, dark brown shell. Two large, silver water cannons protrude from the front of its shell, over its shoulders. It has a stocky blue body and a triangular jaw.
010	A small, green caterpillar with a smooth body. It has large, black, circular eyes, a yellow, Y-shaped antenna on its head, and multiple pairs of small, pink, suction-cup-like feet.
011	A green, chrysalis-like creature. It is a hardened, crescent-shaped green shell with two large, white eye-like markings on the front, giving it a half-asleep appearance.
012	A large, lepidopteran creature with a purple, segmented body and thin blue limbs. It has huge, white wings with black veining, two large, red compound eyes, and long, purple antennae.
013	A small, hairy caterpillar with a brown body and a cream-colored face. It has a small, pink, horn-like stinger on its head and another on its tail. It has large, black eyes.
014	A yellow, cocoon-like creature, segmented and dome-shaped at the top. It has a hardened shell and large, black eye-markings. A sharp, metallic-looking stinger protrudes from its front.
015	A large, wasp-like insectoid creature with a yellow, segmented body and black stripes. It has two pairs of veined, transparent wings, large, red compound eyes, and two massive, silver, drill-like stingers on its forelegs.
016	A small, plump bird with brown feathers on its back and a cream-colored underbelly. It has a short, sharp beak, small black eyes, and pink feet. The feathers on its head are messy.
017	A medium-sized bird of prey with a sharp, hooked beak and piercing eyes. It has shaggy, brown feathers and a prominent crest on its head with red plumes.
018	A very large, predatory bird with massive wings. It has a large, sharp crest of pinkish-red feathers, shaggy brown plumage, a powerful, hooked beak and strong talons.
019	A small, quadrupedal rodent with purple fur, large red eyes, and a cream-colored underbelly. It has very large front incisors and long whiskers. Its tail is long and curled at the tip.
020	A large, bipedal rodent with coarse, brown fur on its back and light-tan fur on its belly. It stands on its powerful hind legs, has sharp claws, large incisors, and long, sensitive whiskers.
021	A small, avian creature with a scruffy, brown-feathered body. It has a long, sharp beak for pecking and short, reddish wings. It has three spiky feathers on its head and piercing red eyes.
022	A large, vulture-like bird with a very long neck and a sharp, spear-like beak. It has massive, broad brown wings and a bald, pinkish head.
023	A long, serpentine creature with a purple, scaled body. Its underbelly is yellow and segmented. It has large, yellow, slit-pupil eyes and a wide mouth. A yellow, rattle-like fin is on the end of its tail.
024	A very large, purple cobra with a massive, spread hood. The hood has an intimidating, face-like pattern on it. It has a sleek, powerful body, sharp fangs, and piercing red eyes.
025	A small, bipedal rodent-like creature with bright yellow fur. It has long, black-tipped ears, two round red pouches on its cheeks, and a long, lightning-bolt shaped tail.
026	An orange, bipedal rodent, larger and plumper than its pre-evolution. It has a small patch of white fur on its belly. Its ears are smaller and mostly brown, and it has a long, thin tail ending in a large, orange, leaf-shaped tip.
027	A bipedal creature with a body covered in tough, yellow, brick-patterned plates. It has long, sharp black claws, a pointed snout, and blue eyes.
028	A large, bipedal creature covered in thick, sharp brown quills that protrude from its back. It has long, powerful claws for digging and a tan underbelly.
029	A small, quadrupedal creature with light blue skin and darker blue spots. It has large, red eyes, prominent front teeth, and large, sensitive ears. Small, poisonous barbs cover its back.
030	A medium-sized, bipedal creature with tough, light-blue scales. It has larger ears, a more powerful build, and a small horn on its forehead. A row of toxic spines runs down its back.
031	A large, bipedal creature covered in hard, steel-like blue scales. It is a powerful, bulky monster with a large horn on its snout and a thick, powerful tail. A series of large, venomous spines runs along its spine.
032	A small, quadrupedal creature with purple-pink skin and darker spots. It has large, spiky ears, red eyes, and a small horn on its forehead. Large, venomous spines run down its back.
033	A medium-sized, bipedal creature with a tough, purple hide. Its horn is larger and the spines on its back are bigger and more toxic. It has an aggressive stance.
034	A massive, bipedal reptilian monster with a thick, dark purple armored hide. It has a huge, powerful horn on its forehead, a stocky build with a thick tail, and large, sharp claws.
035	A small, bipedal creature with a star-shaped body and pink skin. It has short, stubby limbs, two small wings on its back, and a cute face. It has a single, curled hair on its head.
036	A larger, bipedal creature with a stout, pink body and a pointed snout. It has larger wings on its back and possesses long, pointed ears with brown tips. It has a large, claw-like nail on each hand.
037	A small, quadrupedal fox-like creature with reddish-brown fur. It has a cream-colored, fluffy crest of fur on its head and six long, orange, curled tails with darker tips.
038	A large, elegant, quadrupedal fox with sleek, golden-white fur. It has nine long, flowing tails, each tipped with a golden-orange color. It has a slender body and piercing red eyes.
039	A pink, spherical creature with a rubbery texture. It has very short, stubby arms, large pointed ears with black insides, and huge, blue eyes. It has a small tuft of curled fur on its forehead.
040	A large, pink, balloon-like bipedal creature with a soft, rubbery body. It has long, rabbit-like ears, large blue eyes, and a signature curl of fur on its forehead.
041	A small, blue, bat-like creature with a round body. It has no visible eyes, a mouth full of small fangs, and massive, purple, triangular ears. Its legs are thin and spindly.
042	A large, blue bat with a furry body. Its mouth is almost always open, revealing fangs. Its purple wings are huge, and its ears are smaller relative to its body, but still large. It has developed a pair of small, black eyes.
043	A small, plant-like creature that walks on two root-like feet. Its body is dark blue with red, circular eyes. A clump of five long, green leaves grows from the top of its head.
044	A bipedal, plant-like creature with blue skin. It has a drool of sweet-smelling nectar leaking from its mouth. The leaves on its head have sprouted a single, round, red-and-white-spotted flower bud.
045	A bipedal creature with a blue body. On its head sits a huge, red, multi-petaled flower with large, white spots. The flower's petals are heavy, causing its head to droop.
046	A small, orange, insect-like creature with a large, mushroom-like fungus growing on its back. It has six small legs, and large, white, pupil-less eyes. The mushroom has red and yellow spots.
047	A larger, orange, crab-like insectoid. The mushroom on its back has completely taken over its body, becoming a single, massive, red-and-yellow-spotted fungus. The creature's eyes are blank and white.
048	A small, round, furry creature with a purple body. It has large, red compound eyes, a small horn on its head, and two small fangs. It is covered in a fine, fuzzy purple fur.
049	A large, moth-like insectoid with a light-purple body. It has massive, dusty, lavender-colored wings with complex patterns. Its eyes are huge and compound, and it has a pair of long, feathery antennae.
050	A simple, brown, mole-like creature with a large, pink nose. It is mostly subterranean, with only its head and upper body visible. It has small, black eyes.
051	Three identical, brown, mole-like creatures with large pink noses, joined together at their base. They move in unison, emerging from and burrowing into the ground with great speed.
052	A small, feline creature with sleek, cream-colored fur. It has a small, black-tipped ears, long whiskers, and a golden, coin-like charm embedded in its forehead.
053	A tall, slender, bipedal feline creature with cream-colored fur. It is elegant and poised, with a long, coiled tail. The golden charm on its forehead is now larger and more prominent.
054	A yellow, bipedal creature resembling a duck or a platypus. It has a wide, flat bill, vacant-looking eyes with tiny pupils, and three strands of black hair on its head.
055	A large, blue, bipedal creature resembling a duck or platypus. It has a powerful build, a sharp, red gem on its forehead, and webbed hands with long, sharp claws.
056	A bipedal, pig-like primate with a spherical, hairy brown body. It has a pink, pig-like snout, triangular ears, and walks on two powerful legs. It has a coiled tail.
057	A large, bipedal ape-like creature with shaggy, off-white fur. It has a pig-like nose, and wears black, metallic-looking bands on its wrists and ankles. It has a powerful, muscular build.
058	A quadrupedal, canine-like creature with orange fur and black stripes. It has a shaggy, cream-colored mane covering its chest and head, and a fluffy, cream-colored tail.
059	A very large, majestic, canine creature with orange fur and striking black stripes. It has a long, flowing mane of cream-colored fur that billows as it runs. It has a powerful and noble appearance.
060	A small, spherical, tadpole-like creature with blue skin. It has a long, thin tail with a translucent fin. It has large, hypnotic, black-and-white spiral pattern on its belly.
061	A bipedal, tadpole-like creature that has grown arms. It has a smooth, blue-black body, a spherical shape, and wears white gloves on its hands. The hypnotic spiral remains on its belly.
062	A large, bipedal frog-like creature with a powerful, athletic build. It is mostly blue and white, with thick muscles. The hypnotic spiral on its belly is still present. It wears white, glove-like markings on its hands.
063	A small, bipedal creature with a yellow, humanoid body. It has a large head, closed, fox-like eyes, and a thick, brown tail. It is often seen holding a silver spoon.
064	A humanoid creature with a segmented, brown, armor-like torso and a large, yellow head. It has long, pointed ears, a mustache-like growth, and two long brown pauldrons on its shoulders. It holds two silver spoons.
065	A tall, slender, humanoid creature with a yellow and brown body. It has a very long, drooping mustache, pointed ears, and a sleek, agile form. It wields two large, silver spoons as psychic amplifiers.
066	A gray, bipedal, humanoid creature with four powerful arms and a muscular body. It has a reptilian head with red eyes and bony ridges on its forehead. It wears a black, brief-like garment.
067	A larger, more muscular version of its pre-evolution. It is a four-armed, gray, humanoid creature with more defined muscles, bony crests on its head, and a powerful, intimidating presence.
068	A massive, four-armed, gray-skinned humanoid monster. Its muscles are incredibly large and defined. It has a reptilian face with red eyes and prominent ridges. It wears a golden, championship-like belt.
069	A small, plant-like creature with a flexible, brown stem for a body. It has two green leaves for arms and a large, yellow, bell-shaped mouth for a head.
070	A plant-like creature resembling a pitcher plant. It has a yellow, bell-shaped body with green spots, leafy arms, and a vine-like tendril extending from its head. A large, gaping mouth is at the top.
071	A large, yellow pitcher plant with a huge, gaping mouth lined with sharp teeth. It has large, leaf-like arms and a long, flexible green vine on its head. It is rooted to the ground.
072	A blue, jellyfish-like creature with two long, stinging tentacles. It has a translucent, dome-shaped bell and two large, red, crystalline orbs on its body.
073	A massive, jellyfish-like creature with a spiky, blue-and-white bell. It has numerous long, venomous tentacles and a pair of large, red, jewel-like orbs. Its appearance is menacing and formidable.
074	A floating, spherical rock with two muscular arms. It has a rugged, gray, stone body and a perpetually angry facial expression with furrowed brows and a frowning mouth.
075	A larger, more defined creature made of rock. It has a boulder-like body, two main arms, and a smaller, secondary pair of arms. Its rocky form is more chiseled and detailed.
076	A massive, vaguely humanoid creature made of dark gray boulders. It has a large, craggy body, four arms, and a reptilian head made of stone. Its lower body is a single, large boulder.
077	A quadrupedal, equine creature with cream-colored fur. Its mane and tail are made of bright, flickering flames. It has a single, small horn on its forehead and powerful legs.
078	A large, powerful, unicorn-like horse with a cream-colored coat. Its mane and tail are a roaring blaze of fire. It has a single, prominent, sharp horn on its forehead.
079	A pink, dim-witted, quadrupedal creature with a dopey, vacant expression. It has a long, cream-colored snout and a tail with a cream-colored tip. It is often seen near water.
080	A bipedal creature formed when a Shellder bites a Slowpoke's tail. It's a pink, dopey creature walking on two legs, with a large, spiral-shaped, gray shell permanently attached to its tail, forcing it to stand upright.
081	A mechanical, spherical creature made of gray metal. It has a single, large central eye, and two horseshoe magnets on its sides that function as arms. A large screw is on top of its head.
082	Three Magnemite joined together by a strong magnetic force. It consists of three metallic spheres, each with its own eye and magnets, forming a triangular or linear cluster.
083	A brown, duck-like bird with a short, blunt beak. It is always seen carrying a green leek or spring onion, which it uses as a tool or weapon. It has a distinctive V-shaped mark on its forehead.
084	A brown, two-headed, ostrich-like bird. It has two long necks, each with its own head and brain. It has shaggy brown feathers and powerful, two-toed legs.
085	A three-headed, ostrich-like bird. It has a shaggy, brown-feathered body and three long necks, each topped with a head that has a sharp beak and angry red eyes.
086	A white, pinniped-like creature with a smooth, sleek body. It has a small horn on its forehead, a cat-like face with whiskers, and a fin-like tail. It is covered in thick, white fur.
087	A large, white, sea lion-like creature. It has a graceful, serpentine body and a prominent, sharp horn on its forehead. Its fur is pure white, and it has a powerful, elegant presence.
088	A purple, amorphous blob of sludge. It has a large, gaping mouth and two large, white eyes with small black pupils. It lacks any defined shape and constantly oozes.
089	A massive, amorphous pile of purple sludge with a grotesque, wide-open mouth. Several toxic, skull-and-crossbones-like markings appear on its body. It has long, sludge-like arms and a pair of large, menacing eyes.
090	A bivalve mollusk with a hard, purple, spiky shell. A small, black, pearl-like creature with two beady eyes is visible inside when the shell is open. Its tongue is always lolling out.
091	A menacing, black, bivalve creature encased in a formidable, jagged, gray shell covered in sharp spikes. It has a pair of angry, horn-like protrusions and two piercing eyes visible from within its spiky armor.
092	A spherical, floating creature made of purple gas. It has a mischievous, grinning face with large, white eyes and two fanged teeth. It is surrounded by a hazy, purple aura.
093	A dark purple, ghostly creature with a long tongue and a sinister grin. It has a spiky, ethereal body and detached, three-fingered hands that float in front of it.
094	A bipedal, shadowy creature with a roundish body and short, pointed limbs. It has spiky fur on its back, glowing red eyes, and a wide, sinister grin that stretches across its face.
095	A colossal creature composed of a series of gigantic, interconnected gray boulders, forming a massive serpentine body. It has a rugged, rocky head with a prominent jaw and deep-set eyes.
096	A stout, bipedal creature with a yellow body and a long, trunk-like nose. It has a brown, triangular pattern on its belly and short, stubby limbs. It is often seen holding a small, silver pendulum.
097	A tall, lanky, yellow humanoid with a very large, hooked nose, and long, pointed ears. It has a ruff of white fur around its neck and is typically seen swinging a circular pendulum.
098	A small, orange crab with large, powerful pincers. It has four small legs and two large eyes on stalks that protrude from the top of its round body.
099	A large, powerful crab with one enormous, disproportionately large pincer and one smaller one. Its body is red on top and cream-colored on the bottom. It has a spiky crown on its head.
100	A spherical object that perfectly resembles a Poké Ball. It is red on top and white on the bottom, with a black band and a central button. It has two small, white eyes.
101	A spherical object that perfectly resembles a Poké Ball. It is red on top and white on the bottom, with a black band and a central button. It has two small, white, often angry-looking eyes.
102	A cluster of six pink, egg-like creatures. Each has a unique facial expression, and some show cracks on their shells. They are typically gathered in a small group on the ground.
103	A very tall, walking palm tree. It has a thick, brown trunk for a body and two stout legs. Three round, yellow, coconut-like heads, each with a distinct facial expression, sit atop its body, crowned by large, green palm leaves.
104	A small, bipedal, brown creature that wears a bone skull on its head, hiding its true face. It has a lonely appearance and carries a bone, which it uses as a club.
105	A fierce, bipedal, brown creature. The bone skull it once wore has now become an integral part of its own head. It has a more powerful build, a spiky tail, and wields a large bone as a formidable weapon.
106	A brown, humanoid creature with an egg-shaped body and no discernible head. Its arms and legs are cream-colored and coiled like springs, allowing them to stretch to great lengths for kicking.
107	A brown, humanoid creature with the appearance of a boxer. It has purple, pauldron-like shoulders and wears a small, gray, kilt-like garment. Its hands are permanently shaped into red, padded boxing gloves.
108	A large, bipedal, pink creature with a very stout body and a thick tail. Its most prominent feature is an incredibly long, prehensile tongue. It has a cream-colored, curved marking on its chest.
109	A floating, spherical, purple creature with a body resembling a naval mine, covered in crater-like pores. It has a wide, mischievous grin and large eyes, with a yellow skull-and-crossbones mark below its face.
110	A creature composed of two conjoined, purple, spherical bodies covered in gaseous vents. The main head is larger, while a smaller head is attached to its side. Both have vacant, grinning expressions.
111	A quadrupedal, rhinoceros-like creature made of gray, rocky plates. It has a short, stout body, a small horn on its snout, and a drill-like tail.
112	A massive, bipedal, rhinoceros-like monster covered in thick, gray, rocky armor. It has a powerful, upright stance, a large, sharp horn on its nose that resembles a drill, and a thick, powerful tail.
113	A large, pink, ovoid creature with a very gentle appearance. It has stubby arms and legs, and holds a single, white egg in a pouch on its belly. It has small, tufted "hair" on the sides of its head.
114	A mysterious creature composed of a tangled mass of blue, vine-like tendrils. Only its large, white eyes are visible from within the vines. It walks on two large, red, boot-like feet.
115	A massive, bipedal, reptilian creature with a tough, brownish-gray hide. It has a protective, pouch-like belly where it carries a smaller, juvenile version of itself. It has powerful hind legs and a thick tail.
116	A small, blue, seahorse-like creature with a curled tail. It has a long snout, small wings on its back, and a spiny dorsal fin. Its belly is cream-colored.
117	A large, blue seahorse with a tough, spiky exoskeleton. It has a more rigid body than its pre-evolution, with sharp, pointed fins on its back and head. Its belly is covered in cream-colored scales.
118	A white-and-orange goldfish. It has flowing, graceful fins, large, blue eyes, and a prominent, sharp horn on its forehead. Its body is predominantly white with large orange patches.
119	A large, powerful, goldfish-like creature. Its body is orange and black with white fins. It has a powerful, flowing tail and a large, sharp, drill-like horn on its head. Its expression is fierce.
120	A creature with a geometric, five-pointed star shape. It has a brown, crystalline body with a golden frame. In its center is a red, glowing, gem-like core.
121	A creature composed of two, five-pointed, star-shaped bodies stacked on top of each other. The front star is purple, the back star is larger and spins. It has a large, faceted, red gem in its center.
122	A humanoid creature with a pink, spherical body and thin, white limbs. It has blue, mitten-like hands and pointed, blue, elf-like shoes. It has a strange, mime-like face with red cheek-spots.
123	A bipedal, insectoid creature with a green, segmented exoskeleton. It has a reptilian head, large, white wings, and two massive, sharp scythes for forearms.
124	A humanoid creature with a purple dress-like body and a pink face. It has long, blonde hair, large, saucer-like eyes, and large, pink lips. Its hands are white and mitten-like.
125	A bipedal, yellow creature covered in black, tiger-like stripes. It has a stocky build, two long antennae on its head, and a generally fuzzy, electrified appearance.
126	A bipedal, fiery creature with a body made of reddish-orange, molten rock. It has a duck-like beak, a flame-like crest on its forehead, and a stocky, powerful build.
127	A massive, stag beetle-like insectoid with a huge, black exoskeleton. Its most prominent feature is a giant, vise-like pair of horns on its head, lined with spikes. It has a menacing, powerful appearance.
128	A bovine creature with a light brown, furry body and three distinct, long tails. It has a gray, shaggy mane around its neck and a head with three white marks on its forehead and a pair of sharp horns.
129	A medium-sized, reddish-orange fish, known for its vacant expression and weak, floppy body. It has large, empty-looking eyes, yellow, barbel-like whiskers, and a yellow, crown-shaped dorsal fin.
130	A colossal, serpentine, sea dragon-like creature with a long, blue body and a cream-colored underbelly. It has a fierce, three-pronged crest on its head, a gaping mouth, and small, dark blue fins running down its back.
131	A large, gentle, plesiosaur-like sea creature with a blue, spotted hide and a cream-colored underbelly. It has large, intelligent eyes, a long neck, and a large, gray, spiky shell on its back.
132	A small, amorphous, pinkish-purple blob with a gelatinous body. It has two tiny, black, dot-like eyes and a simple, stringy mouth. It can transform its cellular structure to mimic other beings.
133	A small, quadrupedal, mammalian creature with fluffy, brown fur. It has a bushy, cream-colored collar of fur around its neck, long, rabbit-like ears, and large, brown eyes.
134	A sleek, quadrupedal, aquatic creature with blue skin. It has a dark blue ruff around its neck, a long, mermaid-like tail with a fin, and fin-like ears.
135	A quadrupedal, canine-like creature with a body covered in sharp, yellow, spiky fur. It has a spiky ruff of white fur around its neck and a sleek, angular build.
136	A quadrupedal, fox-like creature with flame-orange fur. It has a fluffy, yellow collar of fur around its neck, a large, bushy yellow tail, and a tuft of yellow fur on its head.
137	A digital creature made of pink and blue polygonal shapes. It has a spherical head that floats separately from its blocky, bird-like body. It has a distinctly artificial and geometric appearance.
138	A small, prehistoric, aquatic creature resurrected from a fossil. It has a blue, squid-like body with numerous tentacles and a pair of large, circular eyes. It is housed within a light-brown, spiral-shaped shell.
139	A large, prehistoric, aquatic creature with a nautilus-like, spiral shell. The shell is now spikier. A large, blue, squid-like body with tentacles and sharp, predatory eyes protrudes from the shell's opening.
140	A prehistoric creature resurrected from a fossil, resembling a trilobite. It has a hard, black, dome-shaped shell, two large, glowing red eyes that stare out from the darkness underneath, and small, sharp claws.
141	A bipedal, prehistoric creature with a sleek, black, segmented body. It has a crescent-shaped head and two huge, sharp, scythe-like claws for arms. Its posture is hunched and predatory.
142	A large, draconic, prehistoric creature resurrected from amber. It has a gray, reptilian body, large, purple, leathery wings, and a sharp, arrow-headed tail. Its jaw is wide and filled with sharp teeth.
143	A colossal, bipedal creature with a huge, spherical body. It has dark teal-blue skin, a cream-colored belly, and closed eyes, giving it a perpetually sleeping appearance. Its feet are large and have three claws.
144	A large, elegant avian creature with sky-blue plumage. It has a three-plumed, crystalline crest on its head, piercing red eyes, and a very long, flowing, ribbon-like tail. Its wings appear to be made of ice.
145	A large, avian creature with spiky, yellow and black plumage. Its wings and tail are jagged and sharp, resembling lightning bolts. It has a long, pointed beak and small, triangular black eyes.
146	A magnificent, phoenix-like bird with golden-yellow plumage. Its head is topped with a three-pronged crest of flames, and its wings and long, flowing tail are perpetually engulfed in fire.
147	A small, serpentine, aquatic creature with a sleek, blue body and a white underbelly. It has a white, three-pronged fin on each side of its head, a small horn, and a white snout.
148	A long, elegant, serpentine creature with a blue, scaled body and a white underside. It has small, wing-like fins on its head and a series of smooth, pearl-like orbs on its neck and tail.
149	A large, gentle, bipedal dragon with smooth, orange skin. It has a pair of small, green wings on its back, a long tail, and two long, thin antennae on its head with a small horn between them.
150	A tall, bipedal, humanoid creature with a feline-like appearance. It has smooth, grayish-purple skin, a long, thick purple tail, and a pronounced chest. A thick tube of flesh connects the back of its skull to its spine. It has piercing purple eyes.
151	A small, pink, feline-like creature with a long, thin tail that widens at the tip. It has a short snout, large blue eyes, and large hind feet. Its body is covered in a fine layer of short fur.
152	A small, quadrupedal, reptilian creature with pale green skin. It has a large, dark green leaf on its head, red eyes, and a necklace of green buds around its neck.
153	A sleek, quadrupedal creature with a pale yellow body. It retains the large leaf on its head and the necklace of buds, but a single, pink flower has begun to bloom from the center bud. Its neck is longer and more graceful.
154	A large, quadrupedal, dinosaur-like creature with a yellow body. Two large, pink, hibiscus-like flowers with a central stamen bloom on its neck, and it has two long, antenna-like stamens sprouting from its head.
155	A small, bipedal creature with a long, slender body. Its back is bluish-black, and its underbelly is cream-colored. Four red, fiery spots are on its back from which flames erupt.
156	A long-bodied, quadrupedal creature resembling a weasel. It is primarily cream-colored, with a mane of flames erupting from around its neck. Its back is a dark blue-green.
157	A large, bulky, quadrupedal badger-like creature with a dark blue-green back and a cream-colored underside. It has a massive, explosive collar of fire erupting from around its neck and a powerful, intimidating stance.
158	A small, bipedal, crocodilian creature with blue skin. It has a large jaw, red eyes, and a series of sharp, red spines on its back and tail. It has a yellow, V-shaped marking on its chest.
159	A larger, bulkier, bipedal crocodilian with blue skin. The red spines on its back are larger and more pronounced. It wears a yellow, loincloth-like pattern of scales on its lower body.
160	A massive, bipedal, crocodilian monster with a very powerful, bulky build. It has blue skin with large, sharp, red plates on its back, tail, and head. Its jaw is enormous and lined with sharp teeth.
161	A small, quadrupedal creature resembling a ferret. It has cream-colored fur with brown ring markings on its body and a brown-tipped, bushy tail. It has brown ears and dark eyes.
162	A very long and slender, bipedal creature resembling a ferret standing upright. It has a sleek, cream-colored body with brown markings, a long neck, and small limbs.
163	A small, avian creature resembling an owl. It has a round, brown body, a cream-colored face with large, red-rimmed eyes. A single, large feather on each eyebrow resembles the hands of a clock.
164	A large, imposing owl with wide, powerful wings. It has brown plumage, a light-colored underside, and piercing red eyes. The feathers above its eyes are long and "V" shaped, resembling sharp eyebrows.
165	A bipedal insectoid resembling a ladybug. It has a red, spotted shell on its back that covers its wings. It has five stars on its back. Its face is humanoid with large, blue eyes.
166	A larger, more humanoid, bipedal ladybug-like creature. Its red, spotted shell has split to form a four-winged cape. It has a more defined body structure and two pairs of arms.
167	A small, spider-like creature with a green body. Its abdomen resembles a smiley face, with black spots for eyes and a mouth-like marking. It has a small, white horn on its head.
168	A large, purple spider with a fearsome, face-like pattern on its abdomen. It has long, yellow-and-purple-striped legs, large red eyes, and a sharp horn on its head.
169	A large, bat-like creature with a purple, four-winged body, resembling a cross. It has a gaping mouth with sharp fangs and a more streamlined, aerodynamic shape than its pre-evolutions.
170	A small, blue, anglerfish-like creature. It has a round body, two fin-like feet, and a yellow, teardrop-shaped marking around each eye. A long, thin antenna with two yellow orbs protrudes from its head.
171	A large, blue, dolphin-like anglerfish with a smooth, sleek body. It has a large, yellow, eye-mask-like marking and a long antenna on its head ending in a bright, yellow orb.
172	A very small, pale yellow, rodent-like creature. It is a smaller, more rounded version of Pikachu, with small black-tipped ears and pink cheek pouches. Its tail is short and jagged.
173	A small, pink, star-shaped creature, smaller and chubbier than Clefairy. It has a very simple, cute appearance with tiny, brown ears and a single curled tuft of hair on its head.
174	A very small, pink, spherical creature. It is a smaller, more rounded version of Jigglypuff, with tiny, stubby arms and large, red eyes.
175	A small creature whose body is mostly encased in a white, spiked eggshell. Only its head, arms, and feet are visible. It has a round head with small, black eyes and a crown-like pattern of red and blue triangles on its shell.
176	A white, bipedal, fairy-like creature with a bird-like shape. It has small, stubby wings, a rounded body, and a head with three spikes. Red and blue triangular patterns are on its body.
177	A small, spherical, green bird-like creature with a single, large eye in the center of its body. It has two small, white wings and two long, thin legs, causing it to balance like a pogo stick.
178	A large, green, totem-pole-like creature. It has a large central eye, and its body is adorned with colorful, wing-like patterns and geometric shapes. It has two sets of wings, one for flying and one for support.
179	A small, quadrupedal sheep whose fleece is made of fluffy, cream-colored wool. Its skin is blue, and it has a yellow-and-black-striped tail with a red orb at the tip.
180	A pink, bipedal sheep that has lost most of its wool. It has smooth, pink skin, a short, white mane of wool around its neck, and a yellow-and-black-striped tail with a blue orb at the tip.
181	A tall, bipedal, kangaroo-like creature with smooth, yellow skin. It has a long, black-and-yellow-striped tail with a red orb at its tip. It has long, black ears and a white belly.
182	A small, green, bipedal creature with a hula-dancer-like appearance. It wears a skirt made of green leaves and has two yellow, maraca-like flowers in its hands. A single, red flower grows on its head.
183	A small, spherical, blue, rodent-like creature with a rubbery texture. It has large, round, white ears, a thin, black, zig-zag tail, and a large, white, puffy ball at the end of its tail.
184	A bipedal, egg-shaped, blue rodent. It has a large, white, circular pattern on its belly. It has long, rabbit-like ears and a thin, black, zig-zag tail with a blue orb at the tip.
185	A brown, tree-like creature that perpetually holds a stiff, straight pose to mimic a tree. It has long, thin arms with three green, spherical growths on the ends of its "hands" resembling foliage.
186	A large, green, bipedal frog with a very powerful and confident look. It has a large, curled crest of skin on its head, yellow markings on its body, and a light blue underbelly.
187	A small, round, green creature with large, red eyes and two long, leaf-like propellers sprouting from its head. Its body is very light and often carried by the wind.
188	A pink, cat-like creature with three propeller-like growths on its body: two dandelion-puff-like "ears" and one flower-like tail. It has simple, dot-like eyes.
189	A blue, spherical creature with two large, cotton-puff pom-poms for hands. A dandelion-like tuft grows on its head, and it has a small, fluffy tail. It has a cheerful expression with yellow eyes.
190	A purple, monkey-like creature with a long, prehensile tail that ends in a hand-like appendage. It has a large, smiling mouth and a tuft of hair on its head.
191	A small, seed-like creature with a yellow body and a single, small sprout on its head. It has small, black eyes and a simple, jagged mouth.
192	A bright yellow, bipedal plant creature resembling a sunflower. It has a round head surrounded by large, yellow petals, and its body is green with a leaf-like collar. It has a perpetual, wide smile.
193	A large, green, dragonfly-like insectoid. It has two massive, red, globe-like compound eyes that take up most of its head, and two pairs of powerful, transparent wings.
194	A small, amphibious creature with a light blue, gelatinous body. It has no arms, walks on two small feet, and has a large, smiling mouth and simple, black eyes. It has three purple, gill-like appendages on its head.
195	A large, bipedal, amphibious creature with a brown, slimy body and a blue underbelly. It has a dopey, vacant expression, round blue fins on its head and back, and a finned tail.
196	A sleek, quadrupedal, feline-like creature with fine, lavender-colored fur. It has very large, pointed ears, a forked tail, and a single, red gem embedded in its forehead.
197	A sleek, black, feline-like creature. It has a slender body, piercing red eyes, and a series of glowing yellow rings on its ears, tail, and forehead. These rings glow in the dark.
198	A small, dark-blue, avian creature resembling a crow with a witch's hat. Its head and "hat" are a single feature, with a yellow, crooked beak and a tuft of feathers that looks like a hat's brim.
199	A bipedal creature where a Shellder has latched onto its head like a crown. It's a pink, dopey creature with a large, conical, spiked shell on its head, with a red gem on the front. A frill of white fur hangs around its neck.
200	A ghostly creature resembling a floating, dark-teal head with long, flowing, hair-like appendages. It has large, red eyes and a necklace of red orbs that float around its neck.
201	A thin, black, symbolic creature resembling a letter of the alphabet or a punctuation mark. Each one has a single, large, central eye. They are flat and typically seen attached to walls in groups.
202	A tall, blue, gelatinous creature resembling a punching bag. It has a blob-like body, two squinting eyes, and no arms. It has a small, black tail with two distinct eyes on it.
203	A quadrupedal, giraffe-like creature. Its front half is yellow with brown spots, featuring a long neck and two ossicones. Its back half is dark brown and has a separate, small, sentient head with sharp teeth on its tail.
204	A creature that resembles a green, bagworm-covered pinecone. It has a bumpy, conical shell and two large, round, white eyes that peer out from the shell.
205	A large, spherical, steel-gray creature resembling a fortress. Its body is a hardened, bumpy shell with several cannon-like tubes protruding from it. Its red, inner body is barely visible from the central opening.
206	A small, chubby, serpentine creature with a yellow body and blue-green stripes on its back. It has a pair of small, white, feathery wings, closed eyes, and a drill-like tail.
207	A purple, bat-scorpion hybrid creature. It glides on wing-like membranes between its arms and legs. It has large, pincer-like claws, a long tail with a stinger, and a large, lolling tongue.
208	A colossal, serpentine creature made of interconnected, silver-gray, metallic segments. It has a massive, rugged jaw with large, bolt-like protrusions on its sides and piercing red eyes.
209	A small, bipedal, pink, bulldog-like creature. It has a perpetually grumpy expression, a prominent underbite with fangs, and a frilly, dress-like marking on its lower body.
210	A large, bipedal, purple bulldog with a very intimidating appearance. It has a massive lower jaw with two huge, protruding fangs and a powerful, muscular build.
211	A spherical, blue, pufferfish-like creature. Its body is covered in sharp, light-colored spikes. It has large, pink lips and wide, expressive eyes.
212	A bipedal, insectoid creature covered in a sleek, metallic red exoskeleton. It has two massive pincers that have yellow-and-black, eye-like markings on them. It has two thin, transparent wings on its back.
213	A small, yellow, worm-like creature residing within a very hard, red, porous shell. Its head and limbs can protrude from the various holes in its turtle-like shell.
214	A large, bipedal, blue rhinoceros beetle. It has a powerful, humanoid build, sharp claws, and a single, massive, forked horn on its forehead used for lifting and throwing.
215	A sleek, bipedal, weasel-like creature with dark, bluish-black fur. It has a red feather for its left ear and a fan of three red feathers for a tail. It has long, sharp, white claws and a yellow gem on its forehead.
216	A small, bipedal bear cub with brown fur. It has a distinctive, cream-colored, crescent-moon-shaped marking on its forehead and round ears.
217	A large, bipedal bear with shaggy brown fur and a powerful, bulky build. It has a large, yellow, circular ring pattern on its belly and broad, powerful shoulders.
218	A creature composed entirely of living magma. It has a slug-like body of bright orange, molten lava that constantly drips. It has large, round, yellow eyes that emerge from the magma.
219	A large snail made of magma. Its body is a slug-like mass of molten rock, and its shell is a large, gray, hardened-lava boulder with holes from which flames erupt.
220	A small, quadrupedal creature resembling a piglet, covered in thick, shaggy, brown-and-tan striped fur that obscures its legs. It has a large, pink, pig-like snout and closed, slit-like eyes.
221	A large, quadrupedal wild boar covered in thick, shaggy brown fur. It has two large, curved, ivory-colored tusks, and its eyes are completely hidden beneath its fur.
222	A small, aquatic creature resembling a chunk of pink coral. It has a rounded body with four stubby legs and a branching, white coral growth on its back. It has a simple, cheerful face.
223	A small, light-blue, fish-like creature resembling a remora. It has a sleek, torpedo-shaped body, a single horn-like fin on its head, and large, dark eyes.
224	A red, octopus-like creature with a round head and eight tentacles. It has a yellow, suction-cup-like snout, yellow rings around its large eyes, and a hard, bumpy head.
225	A bipedal, penguin-like bird with red plumage. It has a white, hollow tail that it carries like a sack. Its face is framed by a white, beard-like pattern of feathers.
226	A very large, manta ray-like creature. It has a blue top side, a light-colored underside, and two long, wing-like fins. It has two long, antenna-like protrusions on its head and is often seen with a Remoraid attached to a fin.
227	A bipedal, avian creature covered head-to-tail in metallic, silver-colored armor. Its wings are like sharp, steel blades, and its tail is a collection of jagged, blade-like feathers.
228	A quadrupedal, canine creature with black fur. It has a reddish-orange underbelly and snout. It has bony, white, rib-like protrusions on its back and a small, skull-like marking on its forehead.
229	A large, slender, Doberman-like canine with black fur and a reddish-orange snout and underbelly. It has two large, curved, gray horns on its head and a long, devil-like, arrow-tipped tail.
230	A large, majestic, blue sea dragon. It has a powerful build, a long, tube-like snout, and intricate, coral-like crests on its head. It has small, fin-like wings on its back.
231	A small, light-blue, elephant calf-like creature. It has large, floppy ears with red pads on them, a short but functional trunk, and a short, stubby tail.
232	A large, quadrupedal, gray elephant armored with a thick, tire-like, black hide around its back and head. It has long, sharp, white tusks and can curl into a powerful rolling wheel.
233	A digital creature with a smooth, rounded, bird-like body. It is primarily red and blue, with a duck-like head and beak. It looks sleeker and more streamlined than its predecessor, like a child's toy.
234	A quadrupedal, deer-like creature with light brown fur. Its most notable feature is its large, brown antlers, which have two large, black, eye-like orbs at their center.
235	A bipedal, beagle-like creature with white and brown fur. It has a long tail that ends in a brush-like tuft, which secretes a colored paint-like fluid. It wears a green, beret-like growth on its head.
236	A small, humanoid creature with a pinkish-purple body and a brown, shorts-like pattern on its lower half. Its head has three rounded, blunt prongs. It has a scrappy, energetic appearance.
237	A brown, humanoid creature that perpetually spins on a large, metallic spike on its head like a spinning top. Its legs are long and powerful, used for kicking while it rotates.
238	A small purple creature with a kiss-like mouth. Has large black eyes, blonde hair, and psychic abilities. Ice/Psychic-type with a cute expression.
239	A small, yellow, bipedal creature with a shape resembling an electrical plug. It has two long antennae on its head, black stripes on its body, and a black, lightning-bolt-shaped marking on its chest.
240	A small, pinkish-red, pot-bellied creature with a simple, round body. It has a yellow, flame-like crest on its forehead and a lump on its back. Its body appears to be made of warm, soft magma.
241	A bipedal, bovine creature with a predominantly pink body and black, patch-like spots. It has a thick tail, small horns, a yellow bell around its neck, and a prominent udder.
242	A very large, pink, ovoid creature with a gentle expression. It has small, curled, wing-like appendages on its sides, a pouch on its belly containing a single egg, and curled tufts of "hair" on its head.
243	A large, quadrupedal, yellow, feline legendary creature resembling a saber-toothed tiger. It has black stripes, a mask-like, white-and-blue plate covering its face, and a long, flowing, purple mane on its back that resembles a storm cloud.
244	A large, quadrupedal, brown, canine legendary creature with a powerful, mastiff-like build. It has a gray, crown-like crest on its head that resembles smoke stacks, gray plates on its back, and white, shaggy fur around its neck.
245	A sleek, quadrupedal, light-blue, canine legendary creature with a graceful appearance. It has a large, hexagonal, cyan crest on its forehead and two long, white, ribbon-like streamers flowing from its back. It has white, diamond-shaped spots on its body.
246	A small, bipedal, reptilian creature with teal-green skin. It has a large, fin-like horn on top of its head, a red, diamond-shaped patch on its belly, and small, stubby arms.
247	A creature encased in a hard, gray, chrysalis-like shell. The shell is bumpy and segmented, with triangular openings that reveal its glowing red eyes inside. It has several short spikes protruding from its body.
248	A massive, bipedal, dinosaur-like creature with a tough, dark-green, armored hide. It has a series of large spikes on its back and tail, a purple, diamond-patterned plate on its belly, and a powerful, jagged jaw.
249	A colossal, draconic, bird-like creature with smooth, white-and-silver skin. It has a long neck, a blue underbelly, and massive, hand-like wings. It has two blue, fin-like plates running down its back and a blue, mask-like structure around its eyes.
250	A majestic, phoenix-like avian creature with brilliant golden and crimson plumage. It has a prominent, green-feathered crest on its head, a green band on its neck, and massive wings with green-tipped feathers.
251	A small, green, pixie-like creature with a round head and large, blue-tipped antennae. It has large, light-blue eyes ringed with black, and a pair of small, transparent wings on its back. It has pointed, elf-like feet.
252	A small, green, gecko-like reptile. It is bipedal, with a large, thick, green tail. It has yellow eyes with long pupils and a darker green stripe on its stomach.
253	A bipedal, gecko-like creature with a lean, green body. It has a large, crest-like leaf on its head, and three large, sharp leaves for a tail. It has yellow, orb-like nodules on its arms.
254	A tall, slender, bipedal gecko with a sleek, green body. It has two sharp, leaf-like blades growing from its wrists, a large, fern-like tail, and a crest of leaves on its head. Yellow, seed-like orbs grow on its back.
255	A small, bipedal, chick-like creature with fluffy, orange feathers. It has two tiny wings, a small, yellow crest of feathers on its head, and a powerful beak.
256	A bipedal, adolescent, chicken-like creature with orange and yellow feathers. Its arms are now more wing-like with three sharp claws. It has a prominent, three-plumed crest on its head and powerful, clawed legs.
257	A tall, humanoid, rooster-like creature with a powerful, athletic build. Its lower body is red, while its upper body is cream-colored. It has long, shaggy white hair, sharp talons, and can emit flames from its wrists and ankles.
258	A small, quadrupedal, amphibious creature, primarily light blue, resembling an axolotl. It has a large, dark blue fin on its head, two large, orange, spiky gills on its cheeks, and a large, flat, dark blue tail fin.
259	A bipedal, amphibious creature with a stocky, muscular build. It has a dark blue body with a light blue underbelly. It has a large, dark blue head-fin, two fin-like crests on its back, and prominent, orange, three-pronged gills.
260	A massive, bulky, bipedal amphibious monster. It has a dark blue body with a white underbelly, and a powerful, muscular frame. It has large, gray fins on its back and tail, and two large, fan-like, orange gills on its cheeks.
261	A small, quadrupedal, hyena-like creature with shaggy, gray fur and a black mane. It has a perpetually snarling expression with visible fangs, and red, piercing eyes.
262	A large, quadrupedal, hyena-like creature with a sleek body covered in long, black and gray fur. It has a large, black mane, piercing red eyes, and a powerful, intimidating posture.
263	A small, quadrupedal creature resembling a raccoon, with brown and cream-colored fur. It has a black, mask-like pattern around its eyes and moves in a distinct, zigzagging pattern. Its fur is bristly.
264	A long, slender, quadrupedal creature resembling a ferret or badger. It has a sleek, white-and-brown-striped body, sharp claws, and is built for incredible speed in a straight line.
265	A small, pinkish-purple caterpillar with a spiky body. It has large, yellow, ringed eyes, a small horn on its head, and a larger, pointed stinger on its tail.
266	A cocoon-like creature covered in white, silky threads. It is a round, white pupa with several sharp spikes protruding from its body. Two large, red eyes peer out from an opening in the silk.
267	A beautiful, butterfly-like creature with large, colorful wings. Its wings are primarily yellow and black, with red and blue spots. It has a slender, black body, large, green compound eyes, and long, black antennae.
268	A dense, purple, cocoon-like creature wrapped tightly in silk. It has a tough, hardened casing with several blunt spikes. Four small, red eye-holes are visible on its front.
269	A moth-like creature with a venomous appearance. It has angular, purple-and-green wings covered in a toxic dust. It has large, red compound eyes and a pair of long, feathery, green antennae.
270	A small, blue, quadrupedal creature that resembles a lily pad with legs. It has a large, green lily pad on its head that looks like a wide-brimmed hat. It has a yellow, duck-like bill.
271	A bipedal, platypus-like creature with a blue body and a green, sombrero-like lily pad on its head. It has a lighthearted appearance and is often seen with its hands held up.
272	A large, bipedal creature resembling a pineapple-duck hybrid. It has a green, poncho-like body, a stout yellow lower body, and a wide, sombrero-like lily pad on its head. It has a cheerful and festive look.
273	A small, bipedal creature resembling an acorn. It has a brown, acorn-cap-like head with a single spike, and a yellow body. It has small, black eyes and two stubby feet.
274	A bipedal creature with a dark, pointed, goblin-like body and a long, pointed nose. Its hands are large and white with three fingers. It has a green, leafy cape on its back.
275	A tall, lanky, scarecrow-like creature with a tan, wooden-looking body. It has a long, pointed nose, shaggy white hair, and two large, fan-like leaves for arms. Its feet resemble traditional Japanese geta sandals.
276	A small, avian creature resembling a swallow. It has dark blue plumage on its back, a white underbelly, and a red patch on its face. It has a forked tail with two long, red-tipped feathers.
277	A large, sleek, swallow-like bird with dark blue and white plumage. It has a confident and determined expression, a sharp crest on its head, and a long, forked tail with red markings.
278	A white, gull-like seabird. It has a long, yellow beak with a black tip, and long, blue-tipped wings. It has thin, orange legs and feet.
279	A large, pelican-like seabird. Its most prominent feature is an enormous, deep, yellow lower beak which it uses to scoop up water and prey. It has a white body and blue-and-black wings.
280	A small, humanoid creature with a white body and a green, bowl-cut-like hairstyle. It has large, red eyes and a red, horn-like protrusion on its chest that sticks out. Its legs are thin and spindly.
281	A slender, graceful, humanoid creature in a white, ballerina-like dress. It has a green, bob-cut hairstyle with two red, fin-like horns protruding from the front and back. It moves with elegance.
282	A tall, elegant, humanoid creature with a flowing, white gown-like body. It has green "hair" and a red, blade-like crest that runs through its chest. It has a graceful and serene presence.
283	A small, aquatic insect resembling a pond skater. It has a blue, spherical head with red eyes, and a small, yellow body. Four long, thin legs allow it to skate across the surface of water.
284	A large, intimidating, bug-like creature with four large, wing-like appendages that have eye-like patterns on them. It has a sharp, pointed head with red, menacing eyes and a sleek, black-and-green body.
285	A small, bipedal, mushroom-like creature with a green, spotted, toadstool cap for a head. It has a beige body, small, black eyes, and stubby arms.
286	A bipedal, kangaroo-like creature with a mushroom cap for a head. It has a powerful, athletic build, with a green, spotted cap, a beige body, and green, orb-like claws. Its tail is thick and powerful.
287	A large, sloth-like creature with shaggy, white fur and a lazy, dopey expression. It has long arms with sharp claws and brown rings around its eyes. It is almost always seen lounging.
288	A bipedal, ape-like creature with shaggy white fur and a hyperactive, energetic look. It has a large, red, ruff of fur around its neck, and its pupils are small and frenetic.
289	A massive, bipedal creature resembling a giant sloth. It has shaggy, white-and-brown fur, a huge, powerful build, and a perpetually lazy and relaxed expression on its face. It lies on its side.
290	A cicada-larva-like insectoid. It is a small, white, grub-like creature with six small legs and large, red eyes. It lives underground.
291	A large, cicada-like insectoid with a sleek, black body and large, transparent wings. It has a prominent, halo-like ring above its head and large, green, compound eyes.
292	The ghostly, hollowed-out shell of a cicada. It is a brown, fragile-looking husk with a vacant expression and a halo floating above its head. A large, open hole is visible on its back.
293	A small, pink, bipedal creature with a round body. It has a large mouth that is perpetually open as if shouting. It has circular, yellow-ringed ears and two small, yellow, plus-and-minus-shaped markings for eyes.
294	A bipedal, purple creature with a stocky build. It has two large, tube-like ears that it uses to amplify sound. Its mouth is large and has two visible fangs.
295	A massive, bulky, bipedal creature with a huge, gaping mouth. Its body is covered with various sound-emitting organs, including four large chimney-like tubes on its back and a pipe-organ-like tail.
296	A small, bipedal, humanoid creature with a stout, round body. It has a tan-colored body with a black, skirt-like marking. Its hands are large and three-fingered, and it has a top-knot-like hairstyle.
297	A massive, bipedal, sumo-wrestler-like creature. It has a huge, powerful build with a large belly and thick, pillar-like legs. It wears a black, mawashi-like garment. Its hands are open and ready for combat.
298	A small, blue, spherical creature that stands on a springy, zig-zag tail with a large, blue orb at the end. It is a baby version of Marill, with a cheerful but often crying expression.
299	A blue, stone-like creature with a triangular body and stubby feet. Its most prominent feature is a huge, red, magnetic nose that always points north. It has small, beady eyes.
300	A small, feline creature with sleek, purple fur and a mischievous, grinning expression. It has a large, crescent-shaped, yellow crest on its head and a tuft of fur on its chest.
301	An elegant, quadrupedal, feline creature with sleek, purple-and-cream fur. It has a fluffy, purple ruff around its neck and a long tail that resembles a pincushion.
302	A small, bipedal, gremlin-like creature with dark purple skin. It has a hunched posture, sharp claws, and most notably, large, multifaceted, crystalline gems for eyes.
303	A small, bipedal, yellow creature with a demure appearance from the front. On the back of its head is a massive, black, carnivorous jaw with sharp teeth and a single long strand of hair, acting like a ponytail.
304	A small, quadrupedal, creature covered in a heavy, metallic, gray shell-like armor. It has bright blue eyes that peer out from under its helmet-like head.
305	A larger, bulkier, bipedal version of its pre-evolution. It is covered in segmented, steel-gray armor plates with sharp edges. Its head is encased in a metallic helmet.
306	A massive, bipedal, dinosaur-like creature covered from head to toe in thick, silver-colored, metallic armor plating. It has a powerful build, numerous sharp horns and spikes on its head and back, and piercing blue eyes.
307	A small, blue, humanoid creature that sits in a meditative pose. Its head is large and white with two bulbous growths on top, resembling a turban. It has stout legs and a calm expression.
308	A tall, slender, humanoid creature with a graceful, yoga-like posture. Its lower body consists of large, pink, baggy pants-like growths. Its head has two large, pink, teardrop-shaped appendages.
309	A small, quadrupedal, canine-like creature with green fur. It has a very angular build, a yellow mane on its back, and a short, yellow-tipped tail.
310	A large, sleek, blue, canine creature built for speed. Its most prominent feature is a massive, jagged, lightning-bolt-shaped mane of yellow fur that covers its head and back.
311	A bipedal, cream-colored, rodent-like creature with long, rabbit-like ears. It has red markings, red cheek pouches shaped like a plus sign, and a tail tipped with a red plus sign.
312	A bipedal, cream-colored, rodent-like creature with short, floppy ears. It has blue markings, blue cheek pouches shaped like a minus sign, and a tail tipped with a blue minus sign.
313	A bipedal, firefly-like insectoid with a dark body. It has a purple face, a red-and-yellow collar, and a single, large, glowing, spherical tail used for light displays.
314	A bipedal, firefly-like insectoid with a dark body. It has a purple face, a yellow, coat-like marking around its neck and waist, and a soft, glowing light around its small tail.
315	A small, bipedal, plant-like creature. It has a green body, a leafy collar, and two large, beautiful roses, one red and one blue, in place of hands. It has three sharp thorns on its head.
316	A small, amorphous, green creature shaped like a pouch. Its body is mostly a stomach, with a large, puckered mouth with yellow lips. A single, curved, yellow feather-like antenna is on its head.
317	A massive, amorphous, purple blob. It has a huge, gaping mouth with long, yellow, mustache-like whiskers. Its body is soft and gelatinous with dark, diamond-shaped markings.
318	A small, vicious, piranha-like fish. Its upper half is blue, and its lower half is red with a rough, sandpaper-like texture. It has a massive jaw filled with sharp teeth.
319	A creature that resembles the front half of a shark, with no tail. Its body is sleek and torpedo-shaped, with a blue top and white underside. It has a yellow star marking on its snout and rough, abrasive skin.
320	A large, spherical, whale-like creature with bright blue skin. It has a perpetually smiling mouth, small fins, and two blowholes on its back. It resembles a giant, buoyant ball.
321	A colossal, zeppelin-like whale, the largest of all Pokémon. It has a long, blue body with a grooved, white underbelly. It has four small, white fins and a massive, horizontal tail.
322	A small, quadrupedal camel with a droopy, yellow body and a vacant expression. It has a single, green, volcano-like hump on its back that contains magma.
323	A large, quadrupedal camel with a red, shaggy coat and three blue rings on each flank. It has two prominent, volcano-like humps on its back that regularly smoke and can erupt.
324	A large, quadrupedal tortoise with wrinkled, brown skin. Its shell is black and hollow, resembling a furnace, with several openings that constantly billow smoke and embers.
325	A small, gray, pig-like creature that constantly bounces on its coiled, spring-like tail. It has a pink, pearl-like orb balanced on its head.
326	A large, bipedal, pig-like creature with a purple and black body. It has a large, jiggly belly, a powerful psychic stance, and three black pearls: one on its forehead and one on each hand.
327	A bipedal, panda-like creature with a dizzy, stumbling gait. It has cream-colored fur with unique, swirling, red spot patterns all over its body, and its eyes are depicted as swirls.
328	A small, insectoid creature with a massive, orange, spherical head and a tiny body. Its primary feature is its powerful, disproportionately large jaws capable of crushing rock.
329	A thin, green, dragonfly-like insectoid. It has two large, translucent, diamond-shaped wings, and its large eyes are covered by red, goggle-like membranes.
330	A large, bipedal, draconic insectoid with a sleek, green body. It has large, diamond-shaped wings that create a sandstorm when flapped, and its eyes are protected by large, red, goggle-like covers.
331	A small, bipedal, cactus-like creature. It has a round, green, spiky body, dark green, club-like arms, and a yellow, flowering growth on its head.
332	A tall, bipedal, scarecrow-like cactus creature with a dark green, spiky body. It has a ragged, triangular, hat-like crest on its head and glowing, diamond-shaped, yellow eyes.
333	A small, blue, bird-like creature. Its body is mostly enveloped by two massive, fluffy, cloud-like wings that feel like soft cotton. Its small, blue head peeks out from the top.
334	A large, serpentine, blue bird whose body is almost completely covered in a massive, elegant, cloud-like plumage. It has a long, graceful neck, a crest of feathers on its head, and a flowing, cloudy tail.
335	A quadrupedal, mongoose-like creature with a fierce rivalry stance. It is covered in thick, white fur with prominent, jagged, red, scar-like markings on its body. It has long, sharp, black claws.
336	A large, serpentine, black creature. Its body is adorned with yellow, hexagonal markings and large, purple, scar-like patterns. It has a pair of long, red fangs and a sharp, blade-like tail.
337	A levitating, crescent-moon-shaped creature made of craggy, beige-colored rock. It has a single, large, unblinking red eye in the center of its body.
338	A levitating, sun-shaped creature made of craggy, orange-colored rock. Its body is spherical with rocky spikes radiating outwards. It has a stern expression with two squinting eyes.
339	A small, catfish-like creature with a smooth, grayish-blue, slimy body. It has a black, zigzagging line down its side and two long, blue whiskers.
340	A large, blue catfish with a huge, gaping mouth and a perpetually dopey, smiling expression. It has long, yellow whiskers and a yellow "W" shaped marking on its forehead.
341	A small, red-and-white, crustacean-like creature. It has a scrappy look, large, powerful pincers, and a yellow, star-shaped crest on its head.
342	A large, bipedal, lobster-like creature with a dark red and cream-colored shell. It has massive, destructive claws, a menacing posture, and a prominent, yellow, star-shaped mark on its forehead.
343	A small, clay-doll-like creature that spins and balances on a single point. Its body is brown and top-shaped, with circular, red-and-white patterns. Its eyes are perpetually closed.
344	A large, bizarre, clay-doll-like creature with a black, rotund body. Its head is a separate, floating piece that rotates around its body, and it has multiple, glowing red eyes arranged in a ring.
345	A prehistoric, plant-like creature from a fossil. It has a purple, stalk-like body rooted to a spot, with a cup-shaped head from which eight pink, petal-like tentacles emerge. Two yellow eyes glow from within the head.
346	A large, bizarre, plant-monster with a long neck and a saucer-like body that allows it to move. Its head has eight large, pink tentacles, and it has a heavy, suction-cup-like base.
347	A prehistoric, arthropod-like creature from a fossil. It resembles an ancient shrimp, with a gray, segmented body, two large, white, feathery fins on its sides, and two large, stalked eyes.
348	A large, bipedal, prehistoric arthropod with a tough, black-and-blue armored exoskeleton. It has two massive, sharp claws, and two large, feathered wings on its back.
349	A fish with a shabby, ugly appearance. Its body is a dull brown with dark spots, looking battered and scarred. It has ragged, blue fins and large, vacant eyes.
350	A long, serpentine, sea-dwelling creature of breathtaking beauty. It has a cream-colored body, a long, flowing, pink, fin-like crest on its head, and a spectacular, fan-like tail with blue, pink, and black patterns.
351	A small, cloud-like creature with a simple, gray, spherical head and a teardrop-shaped body. It has the ability to change its physical form and type based on the weather, becoming fiery, watery, or icy.
352	A green, bipedal, chameleon-like reptile with a curled tail. It has a distinctive, red, zigzagging stripe across its belly that remains visible even when the rest of its body turns invisible.
353	A small, ghost-like creature resembling a hand puppet. It is a hollow, gray cloth with a pointed horn on top. Its true form is a small, spherical head covered by the cloth.
354	A vengeful, animated doll with a gray, cloth body. It has a zipper for a mouth, which it keeps closed to contain its energy. It has a long, yellow, brush-like tail and mismatched, button-like eyes.
355	A floating ghost that resembles a stylized Grim Reaper. It has a black, hooded body with no visible limbs, and wears a white, skull-like mask with a single, red, glowing eye that moves between two eye sockets.
356	A bulky, mummy-like ghost, wrapped in gray, bandage-like strips of cloth. It is a cyclops, with a single, large, red eye in the center of its face. Its hands float separately from its body.
357	A massive, sauropod-like creature with a long neck and a brown, dinosaur-like body. Its most striking feature is the set of huge, green, banana-tree-like leaves on its back that function as wings, and a cluster of yellow bananas growing under its chin.
358	A small, floating, bell-like creature. It is mostly blue and hollow, with a yellow, suction-cup-like appendage on its head. It has a long, patterned tail with a red orb at the end.
359	A majestic, quadrupedal, mammalian creature with pure white fur and dark gray skin. It has a sharp, sickle-shaped horn on the right side of its head, a long, fluffy tail, and powerful, clawed feet.
360	A small, blue, bipedal creature that resembles a smaller, more cheerful version of Wobbuffet. It has two large, ear-like appendages on its head and a black tail with an eye on it.
361	A small, shivering creature that resembles a person wearing a conical, yellow, straw raincoat (a yukinko). Its true body underneath is black, and only its round, blue eyes and trembling mouth are visible.
362	A levitating, spherical head made of black rock, completely encased in jagged, formidable ice armor. It has piercing, blue, crystalline eyes and a wide mouth filled with sharp, icy teeth.
363	A perfectly spherical, seal-like creature with blue fur and white spots. It has small fore-flippers and balances on its round body, often seen clapping or rolling.
364	A larger, chubbier, seal-like creature with blue fur and a thick, white, mustache-like growth of fur around its snout. It has two small but visible white tusks.
365	A colossal, walrus-like creature with a thick, blue-gray hide. It has a massive collar of white, shaggy fur around its neck and two enormous, sharp, ivory tusks.
366	A bivalve mollusk with a hard, blue shell that has a clamp-like hinge. Its true body is the single, large, pink pearl inside, which serves as its head.
367	A long, serpentine, deep-sea fish with a light-blue body and white spots ringed with orange. It has a powerful jaw, and its tail is shaped like a small, white fish, which it uses as a lure.
368	A long, serpentine, deep-sea fish with a bright pink body. It is known for its elegance and has a very long, thin snout used to probe for food. It has two small, seashell-like growths on its chest.
369	An ancient, coelacanth-like fish brought back from extinction. Its body is a patchwork of craggy, brown, rock-like scales and tan skin, giving it a fossilized appearance.
370	A small, flat, disc-shaped fish that is perfectly heart-shaped. It has a pink body, large eyes, and a small, white mark on its cheek.
371	A small, blue, quadrupedal, reptilian creature with a very hard, gray, helmet-like skull. It has stubby arms and a powerful desire to throw itself from high places to train its head.
372	A creature almost completely encased in a hard, white, spherical, bone-like shell. It resembles a living cocoon, with its powerful blue legs and red eyes visible from openings in the armor.
373	A large, powerful, quadrupedal blue dragon. Its most defining feature is a pair of massive, red, crescent-shaped wings that have grown as a result of its intense desire to fly. It has a fierce, predatory look.
374	A levitating, robotic creature consisting of a blue, metallic, teardrop-shaped body, a single large red eye, and a sharp claw on its rear. It communicates using magnetism.
375	A robotic creature formed by the fusion of two Beldum. It has a blue, saucer-shaped body with two powerful arms, each ending in sharp claws. Its red eye is centered in its metallic body.
376	A massive, spider-like, robotic creature formed by the fusion of four Beldum. It has a huge, blue-gray body, four powerful legs, and a large, metallic cross on its face. Its red eyes give it an intimidating, intelligent look.
377	A large, humanoid golem constructed entirely of jagged, brown and gray rocks. It has a hulking, powerful build, and its face consists of a pattern of seven orange dots in an "H" shape.
378	A large, humanoid golem sculpted from solid, transparent, crystalline Antarctic ice. The ice is incredibly hard. Its face consists of a pattern of seven yellow dots in a ":" shape.
379	A large, humanoid golem made of a smooth, incredibly hard, silvery-black metallic substance. Its body is hollow. Its face consists of a pattern of seven red dots in a hexagonal pattern.
380	A sleek, draconic, jet-plane-like creature. It has a white and red body, swept-back wings, and arms that can tuck into its body for speed. It has a blue, triangular marking on its chest and gentle, yellow eyes.
381	A sleek, draconic, jet-plane-like creature, larger and more angular than its counterpart. It has a white and blue body, sharp, swept-back wings, and a red, triangular marking on its chest. It has sharp, red eyes.
382	A colossal, primordial, whale-like sea creature. Its body is deep blue and covered in intricate, red, tribal-like markings that glow when it is powered up. It has two massive pectoral fins and a bifurcated tail.
383	A colossal, primordial, bipedal dinosaur-like land creature. Its body is covered in thick, red, armor-like plates, with black, tribal-like markings that glow with magma when it is powered up. It has massive claws and a powerful tail.
384	A massive, green, serpentine sky dragon with a long, sinuous body. It has yellow, ring-like patterns running along its length, and several red-tipped, fin-like appendages. Its jaw is powerful and jagged.
385	A small, humanoid creature with a silver, star-shaped head and two yellow, paper-tag-like streamers. It has a white body, stubby arms and legs, and a third, "true eye" on its stomach that is usually closed.
386	An alien virus that mutated into a Pokémon. Its primary form is a sleek, bipedal creature with an orange and blue-green body, two tentacle-like arms, and a purple, crystalline organ in its chest. It can alter its form for attack, defense, or speed.
387	A small, quadrupedal, turtle-like creature with light green skin and a yellow jaw. A small, green seedling with two leaves sprouts from its head, which is covered by a patch of hard, brown soil.
388	A larger, bulkier, quadrupedal turtle. The seedling on its back has grown into a small, sturdy bush with two yellow, berry-like flowers. Its shell is a solid plate of brown earth.
389	A colossal, quadrupedal tortoise of immense size and weight. A living, miniature ecosystem, including a large, solitary tree, grows upon the shell on its back. Its face is craggy and mountain-like.
390	A small, bipedal, chimpanzee-like creature with orange fur and a cream-colored belly. Its tail is a constantly burning flame, and it has a distinctive red patch on its rump.
391	A bipedal, monkey-like creature with an energetic, martial-arts stance. It has white fur on its torso, orange limbs, and blue and red markings on its face. The flame on its tail is larger and more intense.
392	A tall, slender, humanoid ape with a fiery, acrobatic appearance. It has a crown of fire on its head, white fur, brown limbs, and golden, armor-like plates on its shoulders, chest, and knees.
393	A small, penguin chick with a proud personality. It has a light blue body, a dark blue head that extends down its back like a cape, and two white, button-like spots on its chest.
394	An adolescent penguin with a sleek, dark blue body. It has sharp, metallic-looking edges on its wings, and a prominent, golden, trident-like crest has begun to form on its face.
395	A large, majestic, emperor penguin-like creature with a powerful and regal stance. Its wings are edged with sharp, steel-like blades, and a massive, golden, three-pronged trident grows from its face, covering its beak.
396	A small, avian creature resembling a starling. It has gray and black plumage, a white face, and a single, distinctive plume on its head that dips forward over its face.
397	A larger, more aggressive-looking starling. It has a noticeable crest of feathers on its head that is swept forward, giving it a punk-rock-like appearance. Its gaze is sharp and focused.
398	A large, powerful bird of prey with a formidable appearance. It has a massive, red-tipped, black crest that sweeps up and back like a pompadour hairstyle. It has fierce red eyes and a powerful build.
399	A small, brown, beaver-like rodent with a perpetually dopey expression. It has large front incisors, a chubby, round body, and a small, puffy, club-shaped tail.
400	A large, bipedal, beaver-like rodent with a stocky and goofy build. It has brown and cream-colored fur, prominent front teeth for gnawing, and a large, flat, black tail used for slapping mud.
401	A small, bipedal, insectoid creature resembling a cricket. It is dark gray with a red collar-like marking and has two long, black antennae that it rubs together to make music.
402	A bipedal, violin-like insectoid. It has a majestic, conductor-like appearance with long, scythe-like arms, a red body, cream-colored wings that form a cape, and a sophisticated, mustache-like facial marking.
403	A small, quadrupedal, lion-cub-like creature with blue fur. It has a star-shaped tuft of fur at the tip of its black tail and a tuft of black fur on its head. Its front paws are disproportionately large.
404	A larger, quadrupedal, lion-like creature with blue and black fur. It has a sharp, spiky mane of black fur covering the front of its body, yellow eyes, and a powerful, lean build.
405	A large, majestic, quadrupedal lion with a massive, star-shaped, black mane. Its sleek, black-and-blue body is built for power and speed. Its eyes glow with a piercing, x-ray-like vision.
406	A small, bipedal, plant-like creature. It is a green bud with short, stubby legs and closed eyes. A single, closed rosebud sits on top of its head.
407	A graceful, bipedal, humanoid plant creature with a masquerade-ball theme. Its arms are bouquets of beautiful red and blue roses, and it wears a green, leaf-like cape and mask.
408	A small, bipedal, dinosaur-like creature resurrected from a fossil. It has a gray, reptilian body, and its most prominent feature is a very hard, blue, dome-shaped skull which it uses for headbutting.
409	A massive, bipedal, pachycephalosaurus-like dinosaur with a powerful, stocky build. It has a huge, blue, dome-shaped skull, with smaller spikes around the dome. Its body is dark gray and blue.
410	A small, quadrupedal, ceratopsian dinosaur resurrected from a fossil. Its face is protected by a wide, flat, shield-like plate of bone, with several spikes protruding from the edge. Its body is small and brown.
411	A massive, quadrupedal, ceratopsian dinosaur with an impenetrable defense. Its head is a colossal, square-shaped, fortress-like shield, with sharp horns and a thick, armored body.
412	A small, insect larva that creates a cloak for itself out of surrounding materials. It can have a green Plant Cloak, a sandy Ground Cloak, or a pink-and-white Trash Cloak, with only its black, conical head visible.
413	A bipedal, female, moth-like insectoid. Its appearance depends on its larval cloak: Plant Cloak form has leafy wings, Sandy Cloak has brown, tattered wings, and Trash Cloak has pink, patchwork wings.
414	A small, male, gnat-like insectoid with a gray body. It has two large, compound eyes, a pair of simple, transparent wings, and long, forked antennae.
415	A living honeycomb structure composed of multiple hexagonal cells. Each cell contains a small, larval, bee-like face with a single antenna. The lower central cell contains a larger, female larva.
416	A large, female, bee-like insectoid with a regal appearance. Her lower body is a massive, orange-and-black, honey-filled abdomen that acts as a flying hive. She has a small, red gem on her forehead.
417	A small, white, squirrel-like rodent with a long, fluffy tail that splits into two large prongs. It has a yellow stripe down its back and two yellow cheek pouches.
418	A sleek, quadrupedal, weasel-like creature with a brown body. It has a bright yellow, inflatable, inner-tube-like flotation sac around its neck. It has two long, fin-like tails that can spin like a propeller.
419	A larger, more powerful, bipedal weasel-like creature with a tan-and-brown body. The flotation sac around its neck is now a large, well-developed collar, and it has a powerful, muscular build.
420	A small, bipedal creature resembling a cherry. It has a round, deep-pink body with a second, smaller, underdeveloped head attached by a short, green stem.
421	A cheerful, plant-like creature. In its Overcast Form, it is a closed, purple flower bud. In its Sunshine Form, it blooms into a vibrant, pink, bipedal creature with two round, cherry-like heads.
422	A small, amorphous, sea-slug-like creature. It has a soft, slimy body. Its appearance varies by location: West Sea form is pink and white with two small, fin-like appendages on its back.
423	A larger, slug-like creature with a soft, gelatinous body. The West Sea form is pink and brown, with a frilly mantle and three small horns on its head.
424	A purple, monkey-like creature with two long tails, each ending in a large, hand-like appendage with an eye on it. It has a large tuft of purple hair that splits its face in two.
425	A spherical, balloon-like creature made of a thin, purple membrane. It has two long, string-like arms with yellow, heart-shaped tips. A small, white, cloud-like puff of fur sits on its head.
426	A large, hot-air-balloon-like creature with a purple, spherical body and a cross-shaped, yellow marking on its face. Its arms are long and wavy, and its "mouth" is a small, sealed opening at its base.
427	A small, bipedal, rabbit-like creature with brown fur. Its most notable feature is its long, fluffy, cream-colored ears, which are rolled up like pigtails. It has a small, puffy tail.
428	A tall, slender, bipedal rabbit with a sophisticated and fashionable appearance. It has long, brown legs, a white, fluffy vest, and long, flowing ears with fluffy tips.
429	A ghost-like creature with a witch-like appearance. It has a wide-brimmed, purple, hat-like head with flowing, purple, hair-like extensions. It has glowing, yellow eyes and a flowing, ragged body.
430	A large, avian creature with a dark, mafioso-like appearance. It has a black body, a white, feathered chest, and a large, wide-brimmed, fedora-like crest of black feathers on its head.
431	A gray, feline creature with a haughty and spoiled demeanor. It has a distinctive, forked tail and a coiled, spring-like tuft of fur around its neck. Its ears are partially closed.
432	A large, sleek, purple feline with a disdainful expression. It has a massive, boa-like tail that is wrapped around its torso. Its body is plump and its whiskers are long.
433	A small, blue, bell-like creature with a hollow body. It has a single, clapper-like appendage inside and a long, ribbon-like tail. Its eyes are simple and round, and it has a suction-cup-like appendage on its head.
434	A small, quadrupedal, skunk-like creature with purple fur. It has a single, cream-colored stripe running from its head down its large, bushy tail, which it holds over its head.
435	A large, quadrupedal, skunk-like creature with a powerful, intimidating stance. Its large, striped tail is now split in two and can be used to spray a foul-smelling liquid over long distances.
436	A levitating, circular, bronze-colored object resembling an ancient mirror or bell. It has a simple, carved face and two red, eye-like knobs on its sides.
437	A massive, floating, ancient bell of a dark teal color with intricate, golden patterns. It has two large, arm-like appendages and a deep, resonant voice.
438	A small, brown, rock-like creature that resembles a bonsai tree. It has three green, spherical growths on its head, and it often has a stream of tears flowing from its eyes.
439	It has a red, mime-like nose and ball-shaped hands. It has two long, antenna-like growths on its head, each ending in a blue sphere.
440	A small, pink, egg-shaped "baby" creature. It has a single, curled pigtail on its head, and wears a smooth, round, white stone in its belly pouch, resembling an egg.
441	A small, brightly-colored, parrot-like bird. Its body is a mix of green, blue, yellow, and black feathers, and its head is shaped like a black, eighth musical note.
442	A creature formed from 108 spirits bound to a fissure in a stone. Its physical form is a swirling vortex of purple ectoplasm emerging from a small, gray, keystone-like rock with a single carved face.
443	A small, quadrupedal, land-shark-like dragon. It has a blue body, a red underbelly, and a large fin on its back. Its head is large with two horn-like appendages that resemble jet engines.
444	A bipedal, draconic creature with a powerful build. It has a dark blue body, a red belly, and sharp, scythe-like claws on its arms. Its fins have become more rigid and wing-like.
445	A large, bipedal, draconic creature with a sleek, aerodynamic body resembling a fighter jet. It has large, wing-like fins on its arms, a hammer-shaped head, and a powerful, shark-like tail fin.
446	A small, bipedal, chubby "baby" creature. It has dark blue fur, a cream-colored belly marking, and its eyes are almost always closed in a happy expression. It is known for its voracious appetite.
447	A small, bipedal, canine-like creature with blue and black fur. It stands on its toes and has three appendages on the back of its head that it uses to sense auras. It has red eyes.
448	A tall, bipedal, canine-like creature with a sleek, blue-and-black body. It has a spike protruding from its chest and one from the back of each hand. It has a noble and heroic appearance.
449	A small, quadrupedal, hippopotamus-like creature. It has a light brown body with a darker brown, camouflage-like pattern on its back. It expels sand from the nostrils on its back.
450	A massive, quadrupedal hippopotamus with a dark gray, almost black, body and a sandy-brown jaw. Its back is covered in several large pores that constantly pour out sand.
451	A small, purple, scorpion-like creature with a segmented body. It has two large, blue-and-red pincers and a tail that is split into two sharp stingers. Its claws are connected directly to its head.
452	A large, intimidating, purple scorpion with a powerful, upright stance. Its claws are massive, with red and black markings, and its tail ends in a formidable, three-parted stinger.
453	A small, bipedal, frog-like creature with a slim, blue body and dark gray stripes. It has a cocky expression and large, red-orange poison sacs on its cheeks and on the first finger of each hand.
454	A tall, slender, bipedal, poison-dart-frog-like creature. It has a lean, athletic build, a large, inflatable, red throat sac, and three long, sharp, retractable, poisonous claws on each hand.
455	A large, bipedal, venus-flytrap-like plant creature. Its head is a massive, green-and-red, jawed trap with sharp teeth. It has two large, leaf-like arms and a stocky, green body.
456	A small, fish-like creature with a dark blue body. Its most prominent feature is a large, wing-like, butterfly-shaped tail fin that is light blue with pink spots. It has a long, glowing antenna on its head.
457	A large, beautiful fish with enormous, butterfly-like fins. Its body is dark blue, while its fins are a shimmering light blue with pink, eye-like markings. It has two long, ribbon-like antennae.
458	A small, aquatic creature resembling a baby manta ray. It has a blue, disc-shaped body, a cheerful expression with two large eyes, and two long, antenna-like fins. A smily-face pattern is on its back.
459	A small, bipedal, yeti-like creature. It is covered in shaggy, white fur, with a brown face and brown, stubby feet. It resembles a snow-covered pine tree.
460	A massive, bipedal, yeti-like creature covered in long, shaggy white fur. It has a powerful build, large hands, and green, crystalline spikes on its back. Its face is obscured by fur, with only its glowing blue eyes visible.
461	A slender, bipedal, weasel-like creature with a cunning and malicious look. It has dark gray fur, a large, red, fan-like crest on its head, and another on its tail. It has extremely long, sharp, white claws.
462	The final evolution of Magnemite, it's a large, heavy, saucer-shaped, metallic creature. It has a single, glowing red eye, two arms ending in powerful magnets, and a third magnet on its head with a yellow antenna.
463	A massive, bipedal, pink creature with a round, portly body. Its tongue is incredibly long and can be rolled up. It has a Wi-Fi-like symbol on its yellow-bibbed belly.
464	A massive, bipedal, rhinoceros-like monster with a bulky, brownish-orange, armored body. It has a large, powerful drill horn on its snout and wears protective, plate-like armor. It can shoot rocks from holes in its hands.
465	A huge, bulky creature composed of a tangled mass of thick, blue vines. It has long, vine-like arms with distinct, red-and-blue-tipped fingers. Its large, round, yellow eyes are the only visible feature of its face.
466	A large, bulky, ape-like creature covered in shaggy, yellow fur with black stripes. It has a powerful build, and its back has two long, black, pronged tails that it uses to deliver powerful electric shocks.
467	A large, stocky, fiery creature with a clown-like appearance. Its body is red and yellow, and its head has a flame-like crest. It has a massive, cannon-like arm that it uses to launch fireballs.
468	A graceful, white, bipedal, jet-plane-like fairy. It has a stout body, large, triangular wings on its back, and a serene, gentle expression. It has three horn-like crests on its head.
469	A huge, prehistoric, dragonfly-like insectoid with a massive, green body. It has six thin legs, two pairs of powerful wings, and large, red, compound eyes. A pair of sharp pincers are on its jaw.
470	A quadrupedal, mammalian creature with a feline appearance. Its body looks like it is covered in green, sprouting leaves. Its ears and tail are shaped like large, tattered leaves.
471	A quadrupedal, mammalian creature with a sleek, crystalline appearance. Its body is light blue and appears to be covered in sharp, ice-like shards. Its long, pointed ears and tail are frozen solid.
472	A large, purple, bat-scorpion hybrid. It has a more menacing appearance with larger, sharper pincers and a more prominent stinger. It has large, yellow, vampire-like eyes.
473	A colossal, quadrupedal creature resembling a woolly mammoth. It has a thick, brown, shaggy coat, two huge, curved, icy tusks, and a small, blue, mask-like pattern on its face.
474	A digital creature with a glitchy, erratic appearance. Its body is a distorted, saucer-like shape, with a detached, floating head and disjointed limbs. It appears unstable and unpredictable.
475	A slender, graceful, humanoid creature with a gladiator-like appearance. It has a white body, a green, helmet-like head with a red, crescent-shaped crest, and large, blade-like extrusions on its elbows.
476	A large, stone-like head with a massive, red, magnetic nose. It has a bushy, gray, mustache made of iron filings, and three smaller, "mini-nose" satellite units that float around it.
477	A massive, ghostly creature with a bulky, gray, stone-like body. It has long, striped arms, and a single, red, cyclopean eye. A large, cracked, yellow band circles its body, which it can open and close.
478	A ghostly, feminine figure with a beautiful but chilling appearance. It is a hollow, kimono-wearing ghost with a large, gaping mouth. Its arms are part of its sleeves, and it has a large, purple sash (obi) around its waist.
479	A small, plasma-based, electrical creature with a lightning-bolt-shaped aura. It can possess various household appliances, giving them a ghostly face and unique abilities: a microwave, a washing machine, a refrigerator, a fan, and a lawnmower.
480	A small, pixie-like, legendary creature with a pink body and two long, flowing, pink tails. It has a mostly blue head with a red gem embedded in its forehead.
481	A small, pixie-like, legendary creature with a cyan body and two long, flowing, cyan tails. It has a mostly yellow head with a red gem embedded in its forehead.
482	A small, pixie-like, legendary creature with a yellow body and two long, flowing, yellow tails. It has a mostly pink head with a red gem embedded in its forehead.
483	A large, quadrupedal, draconic legendary creature covered in metallic, blue-and-silver armor. A large, diamond-shaped gem is embedded in its chest. It has a powerful, majestic crest on its head.
484	A large, bipedal, draconic legendary creature with a white-and-gray body. It has massive, purple-and-pink, wing-like structures on its shoulders, adorned with large, perfect pearls.
485	A legendary creature with a body of molten steel. It is a quadrupedal, tortoise-like being with a gray, metallic shell and orange, magma-filled cracks. It has powerful, clawed feet and can walk on walls and ceilings.
486	A colossal, humanoid golem with a powerful, almost god-like appearance. It is white with a large, golden, cross-like structure on its torso. It has gray shoulders, and its face is a screen of seven black dots. It is often depicted moving continents.
487	A massive, shadowy, serpentine dragon of immense power. In its Altered Forme, it has six powerful, ghostly legs and two large, black, tattered wings. In its Origin Forme, it is a floating, serpent-like being with multiple shadow tendrils.
488	A beautiful, swan-like, lunar legendary creature. It has a graceful, serpentine body, small, pink, wing-like appendages on its back, and a crescent-moon-shaped head crest. It has glowing, red rings on its body.
489	A small, blue, aquatic, legendary "baby" creature. It has a large, spherical head with a red gem inside, and two long, blue antennae. Its body is gelatinous and it has a small, stubby tail.
490	A graceful, pixie-like, aquatic legendary creature. It has a blue, gelatinous body, a large head with a red gem inside, and two very long antennae. It is considered the prince of the sea.
491	A sleek, shadowy, ghost-like legendary creature. It has a thin, black body, long, white, flowing hair, and long, spindly legs. It has a red, spiky collar around its neck and piercing, blue eyes. It appears to be floating.
492	A small, white, hedgehog-like mythical creature. In its Land Forme, it has green, grass-like fur on its back and a pink flower on each side of its head. In its Sky Forme, it becomes a sleek, canine-like creature with a confident look and a red, scarf-like petal.
493	A majestic, equine-like, legendary creature with a pure white body. It has a long, golden mane, golden hooves, and a large, golden, cross-like wheel attached to its abdomen. Its face is gray with green eyes.
494	A small, psychic, mythical creature with a green, tufted crest on its head that resembles a "V". It has large, blue eyes, pointed, elf-like ears, and two small wings on its back.
495	A small, serpentine, grass snake with a smug expression. It has a pale green body with a dark green back. A large, lily-like leaf is at the end of its tail.
496	A sleek, serpentine creature with a regal and aloof posture. It has a green body, a high, upturned collar of leaves, and small, curled appendages that look like hands.
497	A majestic, colossal, serpentine creature with a long, green-and-white body. It has an elegant, regal head with a large, ornate crest. Its body is coiled gracefully, and it has two large, leaf-like appendages on its back.
498	A small, quadrupedal, fire pig with a round, orange body and black markings. It has a spherical, red nose and a black, coiled tail with a red orb at the tip.
499	A bipedal, pig-like creature with a stocky, wrestler-like build. It has a powerful, orange-and-black body with golden, ornate patterns on its chest.
500	A massive, bipedal, boar-like creature with a thick, powerful build. It is adorned with intricate, flame-like patterns on its body, and a massive, thick beard made of black, solidified fire.
501	A small, quadrupedal, sea otter-like creature with a light blue body. It has a white, round head with small, dark ears, and a prominent, shell-like, beige "scalchop" on its belly.
502	A bipedal, sea otter with a more mature, samurai-in-training appearance. It has a blue body, a helmet-like growth on its head, and carries its beige "scalchop" on its hip like a sword.
503	A large, quadrupedal, sea lion-like creature with a noble, samurai-like presence. It has a blue-and-white body, a large, horned, helmet-like shell on its head, and wields two large, sharp "seamitars" made from the shells on its forelegs.
504	A small, quadrupedal, rodent-like creature with brown fur, resembling a chipmunk. It has large, red eyes, a cream-colored underbelly, and a puffy, cream-tipped tail.
505	A large, bipedal, meerkat-like creature with a stern, sentinel-like posture. It has a long, slender body with brown fur, and its fur has yellow and red, stripe-like markings. Its eyes glow red when it is alert.
506	A small, quadrupedal, puppy-like creature with tan-and-brown fur. It has large, floppy ears, a blue-gray scruff of fur covering its face, and a short, stubby tail.
507	A quadrupedal, terrier-like dog with a refined, well-groomed appearance. It is covered in a large, heavy coat of long, shaggy, dark gray fur, with only its small head and paws visible.
508	A large, majestic, quadrupedal dog resembling a stoutland. It has a very long, thick, mustache-like and eyebrow-like coat of dark gray fur, giving it a wise and noble appearance.
509	A small, slender, feline creature with purple fur. It has a devious, cunning expression, large green eyes with slit pupils, and two sharp, sickle-like tufts of fur on its tail.
510	A sleek, bipedal, feline creature with a slender, purple-and-tan body. It has a cruel and arrogant expression, sharp claws, and two long, blade-like tails.
511	A small, monkey-like creature with a green body, resembling broccoli. It has a large, leafy, broccoli-floret-like tuft of fur on its head and a leaf-tipped tail.
512	A larger, bipedal, monkey-like creature with a punk-rock aesthetic. It has a large, Elvis-like pompadour made of green, leafy fur, a cream-colored body, and a prickly, mace-like tail.
513	A small, monkey-like creature with a red body. It has a flame-shaped tuft of fur on its head and a simple, red-tipped tail.
514	A larger, bipedal, fire-monkey creature with a rebellious look. It has a large, fiery crest on its head, a powerful build, and embers smoldering on its shoulders and tail.
515	A small, monkey-like creature with a blue body. It has a fountain-like sprout of fur on its head from which it can spray water.
516	A larger, bipedal, water-monkey creature with a relaxed, dreadlocked appearance. Its head is covered in long, blue, water-filled dreadlocks that it can use as powerful water cannons.
517	A small, round, pink, tapir-like creature with a floral pattern on its body. It has a short, trunk-like snout and closed eyes, giving it a perpetually sleepy look.
518	A larger, floating, tapir-like creature. It has a plump, purple-and-pink body, a long, trunk-like snout, and a cloud of pink, dream-mist flowing from a port on its forehead.
519	A small, avian creature resembling a common pigeon. It has gray plumage, a dark crest on its head, and a black-and-pink pattern around its eyes.
520	A proud, pigeon-like bird with a more developed, swept-back crest. It has a heart-shaped, pink marking on its chest and a confident, determined expression.
521	A large, pheasant-like bird. The male is majestic with a large, colorful wattle and long tail feathers. The female is more subdued with brown plumage. Both have a confident, almost arrogant look.
522	A small, quadrupedal, zebra-like creature with a very angular, stylized body. It has black-and-white stripes and a white, spiky mane that stands on end when it discharges electricity.
523	A large, powerful, zebra with a sleek, black-and-white striped body. Its mane is a jagged, lightning-bolt-like crest of white, electrified hair. It is built for incredible speed.
524	A small, quadrupedal creature whose body is a chunk of dark, hexagonal rock. It has a single, large, yellow, hexagonal crystal for an ear/eye, and stands on two stout, rock-like legs.
525	A large, bipedal creature made of crystalline blue rock. It stands on two powerful, pillar-like legs and has a large, single, orange crystal protruding from the top of its body.
526	A colossal, bipedal golem made of jagged, blue rock. It has several large, sharp, orange-red energy crystals protruding from its body, especially its arms and head. It glows with immense power.
527	A small, fluffy, bat-like creature. Its body is a single, round puff of blue-gray fur with a single, large, pig-like nose in the center, which also functions as its mouth and ears. It has a heart-shaped nose print.
528	A more elegant, bat-like creature with a graceful, humanoid body. It has a large, fur ruff around its neck, large, wing-like ears, and a heart-shaped snout. Its tail is forked.
529	A small, mole-like creature with a blue-and-gray body. It has large, sharp, three-pronged, metallic claws on its hands and a single, drill-like claw on its head.
530	A large, bipedal, mole-like creature covered in sharp, metallic armor plates. Its head is a massive, powerful drill, and its hands have become large, formidable, steel-bladed drills.
531	A bipedal, pink-and-cream-colored creature with a gentle, nurse-like appearance. It has large, floppy ears with long, curled, feeler-like appendages.
532	A small, stout, grayish-pink, humanoid creature. It has a very muscular upper body, a bulbous red nose, and is always seen carrying a heavy, wooden log.
533	A larger, more muscular, humanoid creature with a powerful build. It has bulging veins, a clown-like red nose, and now carries a massive, steel I-beam as a weapon.
534	A massive, incredibly muscular, humanoid creature with a monstrous, powerful physique. It has a rugged, gray skin, a grotesque face with a red nose, and wields two huge, concrete pillars as weapons.
535	A small, tadpole-like creature with a spherical, blue body. It has a fin-like tail and two large, prominent, round bumps on the sides of its head, which it vibrates to create sound waves.
536	A bipedal, toad-like creature with a blue body. The bumps on its head have become larger and more defined, resembling headphones. It has a stocky build and a warty texture.
537	A massive, bipedal, toad-like monster with a bulky, powerful frame. Its body is covered in large, warty, blue-and-red lumps that function as powerful speakers and vibrators.
538	A short, stocky, humanoid creature resembling a judo practitioner. It has red, rock-like skin, a powerful build, and wears a white-and-black judogi. Its eyebrows are thick and black.
539	A slender, agile, humanoid creature resembling a karate practitioner. It has blue, rock-like skin and wears a tattered, white-and-black karategi. It has a focused, sharp expression.
540	A small, insect larva with a caterpillar-like body. It is wrapped in a cloak made of a single, large, green leaf, with only its head, which has two leaf-like antennae, visible.
541	A pupa-like creature completely encased in a tight wrapping of green leaves, resembling a sleeping bag. Only its two, large, yellow eyes are visible from a small opening.
542	A large, bipedal, praying-mantis-like insectoid with a leafy, plant-like body. It has two massive, sharp, leaf-like scythes for arms and a collar of leaves around its neck.
543	A small, centipede-like insectoid with a purplish-pink, segmented body. It has two large, yellow antennae and a pair of sharp mandibles. It stands on four small legs.
544	A creature encased in a hard, gray, tire-like shell. It is a curled-up, centipede-like being that can spin at high speeds for defense and attack. Red eyes glow from within the shell.
545	A massive, horse-sized, centipede-like insectoid with a formidable, armored, purple-and-red body. It has large, curved horns on its head and tail, and a powerful, intimidating presence.
546	A small, floating, cotton-ball-like creature. It has a brown, star-shaped "face" with orange eyes, and two small, green leaves on its back.
547	A mischievous, sheep-like creature whose body is a massive, fluffy ball of cotton. It has a brown, horned head peeking out from the cotton, and is known for its playful, pranking nature.
548	A small, plant-like creature with a green, bulb-shaped body. A single, large, green leaf grows from its head. It has a simple, doll-like face with large, brown eyes.
549	A beautiful, humanoid, plant-like creature with a regal appearance. It wears a dress made of green leaves, and its "hair" is a massive, ornate, red-and-yellow, crown-like flower.
550	A ferocious, piranha-like fish. The Red-Striped form has a black body with a red stripe and red, aggressive eyes. The Blue-Striped form has a blue stripe and a slightly different fin shape.
551	A small, quadrupedal, crocodilian creature with a tan body and black stripes. It has large, bulging eyes with black, goggle-like markings around them, and a powerful jaw.
552	A larger, more robust, quadrupedal crocodilian. It has a powerful build, a dark, reddish-brown body with black, diamond-shaped markings, and a menacing, punk-rock-like crest of scales on its snout.
553	A massive, bipedal, crocodilian monster with a dark, reddish-brown and black body. It has a very powerful, intimidating build, a long, sharp snout, and dark, sunglass-like membranes over its eyes.
554	A small, round, fiery creature with a daruma-doll-like appearance. It has an orange-red body, yellow, flame-like eyebrows, and a perpetually energetic and smiling expression.
555	A large, ape-like, daruma-like creature. Its Standard Mode is a fiery, red-and-orange beast with massive arms and a crown of fire. Its Zen Mode is a dormant, blue, stone-like statue.
556	A bipedal, cactus-like creature with a cheerful, maraca-playing appearance. It has a green, bumpy body, yellow, spiky growths on its arms and head resembling flowers, and a wide, toothy grin.
557	A small, hermit-crab-like creature with an orange body. It lives inside a heavy, perfectly cubical, layered chunk of rock that it carries on its back.
558	A large, bipedal, crustacean-like creature. Its body is long and yellow, and it carries a massive, heavy, rectangular block of stratified rock on its back, which it uses for defense.
559	A small, bipedal, lizard-like creature with baggy, yellow skin that it has to constantly pull up like pants. It has a rebellious, punk-like attitude and a small, red crest on its head.
560	A tall, bipedal, lizard-like creature with a punk or gang-member appearance. It has a prominent, red, mohawk-like crest of skin, and it wears its shed, baggy skin around its waist like pants.
561	A bizarre, avian-like creature with a brightly colored, geometric body that resembles a kachina doll or a Nazca Line drawing. It has a green, cactus-like body, two wing-like arms, and a small, round head with a third eye.
562	A ghostly creature that is a shadowy, black spirit possessing an ancient, golden, funerary mask. The mask has a simple, smiling face, and the spirit has a single, glowing red eye.
563	A ghostly creature composed of a large, golden, sarcophagus-like body. Four shadowy, bandage-like arms protrude from it, and a large, menacing, red-eyed face is on the front of the sarcophagus.
564	A prehistoric, turtle-like creature from a fossil. It has a small, blue body protected by a massive, hard, blue-and-black shell. It has powerful front flippers for swimming.
565	A massive, bipedal, sea turtle with a huge, powerful build. It has a dark, rugged shell on its back, incredibly strong front flippers that can crush rock, and a powerful jaw.
566	A prehistoric, bird-like creature from a fossil. It is a small, bipedal, reptilian bird with fluffy, blue-and-yellow plumage and small, underdeveloped wings.
567	A large, brightly colored, prehistoric, avian predator. It has powerful legs for running, large, feathered wings for gliding, and a sharp beak. Its appearance is a mix of reptile and bird features.
568	A small, sentient pile of trash contained within a torn, light-green, plastic garbage bag. Two large, round eyes peer out, and two small, trash-like appendages serve as arms.
569	A colossal, humanoid monster made of compressed garbage. Its body is a lumpy, greenish-brown mass, with one arm ending in a long, tube-like appendage and the other in three finger-like pieces of rebar.
570	A quadrupedal, fox-like creature with dark gray fur. It has a large, bushy, purple-and-gray tuft of fur on its head that covers its eyes, creating an illusion.
571	A slender, bipedal, fox-like creature with long, flowing, magenta-and-gray hair that covers most of its body. It has a vengeful, illusionist's appearance, with sharp claws and a sinister grin.
572	A small, chinchilla-like creature with white-and-gray fur. It has large, round ears, a fluffy tail, and is known for its obsession with cleanliness, using its tail to sweep.
573	An elegant, chinchilla-like creature wrapped in long, flowing, scarf-like boas made of white fur. It has a graceful and refined appearance, with a small, tufted tail.
574	A small, humanoid, "baby" creature with a purple head and a pink, bow-like growth on it. It has a pale, lavender-colored body and a very wide-eyed, psychic expression.
575	A bipedal, humanoid creature with a gothic-lolita fashion sense. It has a purple-and-white body, and its "hair" and "dress" are adorned with multiple, white, ribbon-like bows.
576	A tall, slender, humanoid creature with an elegant, almost cosmic, gothic appearance. It has long, black, flowing "hair" and a black, dress-like body adorned with white, ribbon-like appendages that resemble stars.
577	A small green and blue cell-like creature with a simple body, nucleus-like center, and a basic appearance
578	A bipedal creature composed of two small, distinct bodies with simple faces, encased within a larger sphere of green, gelatinous fluid. Small, stubby limbs protrude from the central mass.
579	A small, green, humanoid creature suspended within a much larger, transparent, gelatinous body. It has two large, floating, detached arms made of the same green gel, ending in three spherical fingers.
580	A small, duckling-like avian creature with light blue plumage. It has a small tuft of feathers on its head and a larger, downy tuft of feathers at its tail, giving it the appearance of wearing a life vest.
581	A large, graceful, swan-like avian creature with a white body. It has a long, curved neck, large, powerful wings, and a distinctive blue, corset-like marking on its chest.
582	A small, sentient creature resembling a single scoop of soft-serve ice cream. Its head is made of white, snow-like ice with small, blue, crystalline eyes and mouth, all resting on a small, brown, icicle-like cone.
583	A creature resembling a larger ice cream cone. Its head is a larger scoop of snow-like ice, and its body is a longer, icicle-like cone. It has two small, floating ice crystals that serve as hands.
584	A creature that resembles a double-scoop ice cream cone. It has two large, sentient heads made of snow-like ice, each with its own face. One head has a straw-like icicle protruding from it. The body is a frozen cone base.
585	A small, quadrupedal, fawn-like creature. Its fur color and the flower on its head change with the seasons: pink in Spring, green in Summer, orange in Autumn, and brown in Winter.
586	A large, majestic, quadrupedal stag. Its most prominent feature is its large antlers, which change dramatically with the seasons: sprouting pink flowers in Spring, covered in lush leaves in Summer, adorned with orange leaves in Autumn, and bare and white like ice in Winter.
587	A small, white, rodent-like creature resembling a flying squirrel. It has large, round, black ears, yellow, cape-like membranes between its arms and legs for gliding, and two yellow cheek pouches for storing electricity.
588	A small, bipedal, beetle-like creature with a round, dark body. Its head is covered by a blue and yellow, horned, knight's-helmet-like shell, giving it a scrappy, confrontational look.
589	A bipedal, insectoid knight fully encased in a spiraled, metallic, silver-and-gold shell that acts as armor. It wields two long, pointed, red-tipped lances for arms and has a red, plume-like crest on its helmet.
590	A small, mushroom-like creature whose cap is designed to perfectly mimic the top half of a Poké Ball, with a red top and white spots. Its lower body is a small, gray, stem-like base with pink, puckered lips.
591	A large, bipedal, mushroom-like creature. It has a large, flat, toadstool cap on its head and two smaller, shield-like mushroom caps on its arms. All three caps are patterned to look like Poké Balls.
592	An aquatic, jellyfish-like creature. The male is light blue with a ruffled collar and a single, crown-like tentacle. The female is pink with a puffy, frilled collar and two long, ribbon-like tentacles.
593	A large, majestic, jellyfish-like creature with a regal presence. The male is blue and resembles a king, with a huge, white, mustache-like growth. The female is pink and resembles a queen, with a heart-shaped mouth and a large, frilly head structure.
594	A flat, fish-like creature with a vertical, heart-shaped body. It is bright pink with large, gentle eyes and has two large, fin-like wings on its back and two smaller, hand-like fins on its front.
595	An extremely small, yellow, fuzzy, arachnid-like creature with four small legs and four large, blue, bulbous eyes. It is so tiny it often latches onto larger creatures to feed on static electricity.
596	A large, tarantula-like creature covered in shaggy, yellow and blue-gray fur. It has four large, jagged horns on its head that store electricity, four blue eyes, and a large, fuzzy abdomen with purple markings.
597	A floating, spherical seed pod made of dark gray metal. Its body is covered entirely in sharp, green, thorn-like spikes, and it has two narrow, green eyes that peer out from the metallic surface.
598	A large, metallic, disc-shaped creature covered in thorny vines. It has a central, armored body that clings to surfaces, and it attacks with three long, powerful, thorny vines that it uses as flails.
599	A creature composed of two small, interlocking, metallic gears. Each gear has a simple face with a single eye (one an 'X', one an 'O') and a small, round mouth. They constantly rotate together.
600	A creature composed of a large, central gear with a face, which is meshed with a smaller, orbiting gear. A third, outer gear with a sharp, blue spike orbits the main one independently.
601	A complex assembly of multiple, interconnected, floating gears. It has a large, central gear with a face, a smaller spiked gear, and is all surrounded by a large, red-cored, circular, spiked ring that rotates independently.
602	A small, white, eel-like creature resembling a single lightning bolt. It has a round, suction-cup-like mouth and a yellow, four-pointed star pattern on its side.
603	A larger, white, lamprey-like creature. It has a long, eel-like body, a round, suction-cup mouth with sharp teeth, and three yellow, diamond-shaped electricity-generating organs on its side.
604	A massive, black, eel-like creature with a formidable appearance. It has a long, serpentine body, a powerful, suction-cup mouth filled with sharp teeth, and large, fin-like arms with three yellow, claw-like digits.
605	A small, green, alien-like creature with a large, bulbous head and a small, slender body. It has large, oval, black-and-red eyes and three colored "buttons" on its chest.
606	A tall, slender, alien-like humanoid with a huge, elongated, green head. It has a thin, brown body, large, hypnotic, multi-colored eyes, and three brightly colored, finger-like digits on each hand.
607	A small, ghostly candle. It is a small, white blob of wax with a single, purple flame on its head. It has two large, yellow, dripping eyes and a small, smiling mouth.
608	A ghostly creature resembling a small, black lantern. A sinister, purple flame burns within its glass casing. It has two glowing, yellow eyes and a curved, hook-like appendage on top.
609	A large, ghostly chandelier. It has a central, spherical head with glowing, yellow eyes, and several curved, black arms that hold purple, flickering flames. It has a sinister and elegant appearance.
610	A small, bipedal, draconic creature with a reptilian, grayish-green body. Its most notable feature is the two large, tusk-like blades protruding from the sides of its mouth.
611	A more robust, bipedal, draconic creature with greenish-yellow, armor-like plates on its body. The tusks on the sides of its mouth have grown larger and sharper.
612	A massive, bipedal, draconic monster covered in tough, yellowish-green armor plating. It has a fierce expression and two enormous, axe-like blades on the sides of its mouth, which are sharp enough to cut steel.
613	A small, bipedal, polar-bear-cub-like creature. It is light blue with a darker blue snout, and has a single, large, glistening drop of frozen snot perpetually hanging from its nose.
614	A massive, bipedal, polar bear with a powerful, intimidating build. Its body is covered in thick, white fur, and it has long, sharp, icicle-like claws and a long, frozen beard of ice shards.
615	A geometric, snowflake-like creature made of pure ice. It is a large, floating, hexagonal ice crystal with a simple, carved face in the center. It has a chain of ice crystals floating below it.
616	A small, snail-like creature wearing a gray, round, knight's helmet. Its true body is a small, orange slug with a simple, dopey face.
617	A slim, agile, ninja-like slug. Its body is a sleek, blue-and-pink creature wearing a gray, ninja-like mask and a scarf made from its own shell's membrane.
618	A flat, brown-and-tan, fish-like creature that resembles a flounder or a stylized bear trap. It lies flat on the ground, and its face has a vacant, dopey expression with a yellow tail.
619	A small, bipedal, weasel-like creature with a serious, martial-artist-in-training expression. It has a white and gray body, long arms, and a focused gaze.
620	A tall, slender, stoat-like creature with a regal, martial-arts-master appearance. It has a purple body and uses its long, pink, fur-like feelers on its arms as powerful whips.
621	A rough, gargoyle-like dragon with a craggy, dark blue hide. Its head, wings, and skin are jagged and coarse, as if carved from rock. It has menacing red eyes and sharp claws.
622	A bipedal, clay golem resembling an ancient automaton. It has a dark, clay-like body with light-blue, glowing, spiral patterns on it. A crack on its chest is sealed with a golden, plug-like seal.
623	A massive, flying, clay golem. It has a cannon-like feature that allows its arms and legs to be retracted, turning its body into a rocket for flight. The glowing, spiral patterns are more prominent.
624	A small, bipedal, humanoid creature covered in sharp, metallic blades. Its body is mostly red and black, with a helmet-like head that has a yellow, axe-like blade on top.
625	A tall, slender, humanoid creature fully clad in sharp, metallic, blade-like armor. It has a helmeted head, a massive, sharp blade extending from its chest, and its hands are three-pronged, sharp claws.
626	A large, powerful, bovine creature resembling an American bison with an afro. It is covered in shaggy, dark brown fur and has a massive, perfectly round, black afro hairstyle on its head.
627	A small, bipedal, eaglet-like creature with a fluffy, white-feathered head. It has a brown body, large, yellow talons, and a single, long feather protruding from the back of its head.
628	A massive, bipedal, eagle-like bird with a warrior-like appearance. It has a large, powerful body, and its head is adorned with a large, three-plumed, Native-American-headdress-like crest of red and white feathers.
629	A small, bipedal, vulture-chick-like creature. It is a pink, featherless bird with a stubby body, a dark gray ruff of downy feathers, and a pink, skull-like bone worn on its lower half like a diaper.
630	A large, bipedal, female vulture with a devious, witch-like appearance. It has a pink head and neck, a black, shaggy body, and uses a large, heavy bone as a tool or weapon, often adorning its head with it.
631	A bipedal, anteater-like creature with a red-and-yellow, flame-patterned body. It has a long snout and a tail that acts as a flue, drawing in air to fuel the fire it breathes.
632	A bipedal, ant-like creature covered in a suit of hard, metallic, silver-colored armor. It has a sleek, robotic appearance, a powerful jaw, and a stern, determined expression.
633	A small, quadrupedal, draconic creature with a dark blue body and a black, shaggy mane of fur covering its head and neck, obscuring its eyes.
634	A two-headed, quadrupedal, draconic creature. It has a blue body and two independent, black, furry heads with snarling expressions. It has stubby, purple, wing-like growths on its back.
635	A massive, three-headed, draconic monster that floats on six small, wing-like appendages. It has a dark blue body, and its three main heads are black with shaggy fur, each with a vicious, menacing expression.
636	A small, larva-like insectoid with a white, fuzzy body. It has blue eyes and five prominent, orange, horn-like protrusions on its back from which it can shoot fire.
637	A colossal, moth-like, insectoid deity. It has a huge, black, fuzzy body and three pairs of massive, orange, sun-patterned wings that scatter burning embers when flapped.
638	A legendary, quadrupedal, stag-like creature with a turquoise body and gray-and-white accents. It has two large, sharp, forward-pointing horns on its head and a determined, noble expression.
639	A legendary, quadrupedal, bull-like creature with a powerful, stocky build. It has a white body, orange-and-black fur, and two large, sharp, curved horns. Its expression is rugged and unyielding.
640	A legendary, quadrupedal, equine-like creature with a green-and-white body. It has a large, green, leafy mane, and a single, long, sharp horn on its forehead. It has a mischievous and wild appearance.
641	A muscular, green, humanoid genie with a cloud for a lower body. In its Incarnate Forme, it has two horns, a spiky white mane, and a long, purple tail with club-like segments. Its Therian Forme is a massive, green, bird-like dragon.
642	A muscular, blue, humanoid genie with a cloud for a lower body. In its Incarnate Forme, it has a single, large, purple horn, a spiky white mane, and a long, purple tail with spherical segments. Its Therian Forme is a sleek, black, reptilian dragon.
643	A large, majestic, draconic legendary creature with a pure white, feathered body. It has powerful, fin-like wings, a sleek build, and its tail is a massive, generator-like engine that glows with blue light.
644	A large, powerful, draconic legendary creature with a sleek, black body. It has massive, tattered, bat-like wings, a powerful build, and its tail is a massive, generator-like turbine that glows with red light.
645	A muscular, orange, humanoid genie with a cloud for a lower body. In its Incarnate Forme, it has a brown, horned mask, a spiky white mane, and a long, brown, snake-like tail. Its Therian Forme is a large, quadrupedal, feline-like beast.
646	A massive, draconic, legendary creature with a broken, incomplete appearance. It is a gray, reptilian husk with parts of its body, including one wing and part of its face, seemingly frozen or missing, replaced by crystalline ice.
647	A quadrupedal, mythical creature resembling a colt or unicorn. It has a light blue body, a large, dark blue mane with three lighter blue plumes, and a single, prominent horn on its head. Its expression is resolute.
648	A graceful, humanoid, mythical creature with a musical theme. In its Aria Forme, it has long, flowing, green hair and wears a black-and-white dress. In its Pirouette Forme, it has bright, orange-red hair and a tutu-like skirt.
649	An ancient, bipedal, insectoid mythical creature modified by a cybernetic organization. It has a purple, metallic exoskeleton and a massive, powerful, high-tech cannon attached to its back.
650	A small, quadrupedal, mammalian creature with a green, shell-like, wooden carapace on its back. Its body is brown, and its head has a leafy green, hood-like cap with a red tuft.
651	A large, bipedal, mammalian creature encased in a huge, spiky, wood-and-leaf shell. It has a rotund, armadillo-like shape and can curl into a defensive, spiky ball.
652	A colossal, bipedal, mammalian warrior with a massive, shield-like, wooden shell on its back. It has a powerful, bulky build, and its arms are covered in spiky, green armor.
653	A small, quadrupedal, fox-like creature with yellow fur. It has two large, fluffy, red-orange tufts of fur protruding from its ears and a fluffy, orange-tipped tail.
654	A bipedal, fox-like creature with a more elegant, witch-like appearance. Its tail has grown larger and now holds a wooden stick, which it uses like a magic wand.
655	A tall, elegant, bipedal, fox-like mage. It has a long, flowing, robe-like coat of yellow and red fur, and wields a flaming branch as a magic wand. Its ears are filled with long, fiery fur.
656	A small, frog-like creature with light blue skin. It has large, yellow eyes and a large, white, cloud-like ruff of sticky bubbles around its neck, which it uses for protection.
657	A more slender and agile, bipedal frog. It has a sleek, dark blue body and a white, ninja-scarf-like wrap of bubbles around its neck. It has a sly, confident expression.
658	A tall, slender, bipedal, ninja-like frog. It has a dark blue body, a long, pink, scarf-like tongue wrapped around its neck, and a large, shuriken-like marking on its hip.
659	A small, bipedal, rabbit-like creature with a gray and brown body. Its most prominent features are its two massive, powerful, ear-like appendages that it uses like extra arms for digging and construction.
660	A large, bipedal, rabbit-like creature with a powerful, burly build. It has a brown-and-gray body, a thick midsection, and uses its huge, powerful, ear-like arms to lift and throw heavy objects.
661	A small, avian creature resembling a robin. It has a gray body, a red-orange head and chest, and a long, yellow-tipped tail.
662	A larger, falcon-like bird with a fiery appearance. Its underbelly is covered in red and yellow, ember-like spots, and it has a sharp, predatory gaze.
663	A massive, peregrine-falcon-like bird of prey. Its body is streamlined for incredible speed, and its plumage is a mix of fiery orange, red, and dark gray, with flame patterns on its wings.
664	A small, caterpillar-like larva with a fuzzy, gray body. It has three small, horn-like antennae on its head and a perpetually grumpy or determined expression.
665	A pupa that resembles a small, white, fuzzy ball hanging from a twig. It is completely covered in a hard, white shell, with only its eyes visible.
666	A beautiful, butterfly-like Pokémon with large, square-shaped wings. Its wing pattern varies dramatically based on its real-world geographic location, with many different colorful designs (e.g., Icy Snow, Tundra, Modern, etc.).
667	A small, quadrupedal, lion-cub-like creature. It has a brown body, a large, fluffy, black mane, and a small, red, flame-like tuft of fur on its head. It has a tough and feisty expression.
668	A massive, bipedal, lion-like creature. The male has a huge, fiery, red-and-yellow mane shaped like the symbol for "fire". The female has a long, flowing, ponytail-like mane of red and yellow hair.
669	A small, flower-like fairy that clings to the stem of a flower. Its true body is a tiny, white-and-green creature, but it is almost always seen with a Red, Yellow, Orange, Blue, or White Flower.
670	A slightly larger, fairy-like creature that is now fused with the stem of its flower. It has a green, stem-like lower body and holds its flower like a parasol.
671	An elegant, humanoid, plant-like creature. Its lower body is a large, bush-like "dress" of leaves, and it holds a massive, ornate, beautiful flower like a staff or scepter.
672	A small, quadrupedal, goat-like creature with a leafy, green "saddle" and "collar" of fur on its back and neck. It has small, brown horns and a gentle expression.
673	A large, powerful, quadrupedal goat with a majestic appearance. It has large, curved, brown horns, a shaggy, white coat of fur, and a saddle-like growth of green bushes on its back.
674	A small, bipedal, panda-cub-like creature with a tough-guy attitude. It has a dark gray and white body and is always seen chewing on a small, green leaf.
675	A massive, bipedal, panda-like warrior with a dark, intimidating presence. It has a powerful, bulky build and wears a long, tattered, dark gray, cape-like coat of fur.
676	A quadrupedal, poodle-like Pokémon whose fur can be styled into various cuts (e.g., Heart, Star, Diamond Trim). In its Natural Form, it has a black body covered in thick, puffy, white fur.
677	A small, bipedal, feline-like creature with a perpetually blank or grumpy expression. It has a psychic appearance, with a gray-and-white body, large, powerful eyes, and folded, ear-like organs.
678	A bipedal, feline creature with a distinct appearance based on gender. The male is dark blue and white, with a more aggressive, supportive look. The female is white and dark blue, with a more graceful, offensive look. Both have intense, psychic eyes.
679	A spectral creature that is the ghost of a person slain by a sword. Its physical form is an ancient, tarnished sword with a single, blue, ghostly eye on its hilt. A long, tattered, blue cloth is tied to the pommel.
680	A creature composed of two, spectral, sentient swords. They are crossed in an "X" shape and held together by a central, shield-like emblem with a single, pink, ghostly eye.
681	A royal sword and shield. In its Shield Forme, it is a large, ornate, golden shield with a spectral sword sheathed at its back. In its Blade Forme, the sword is unsheathed and held by shadowy, cloth-like arms.
682	A small, pink, avian-like, fairy creature with a fragrant, perfume-like scent. It has a fluffy, white body, a purple, beak-like mask, and large, red eyes.
683	A bipedal, fairy-like creature with a can-can dancer or plague doctor appearance. It has a fluffy, pink body, long, black legs, and a dark, pointed, beak-like mask.
684	A small, bipedal, fairy creature that resembles a sentient dollop of whipped cream. It has a white, puffy body, small, red, cherry-like tufts, and a happy expression.
685	A bipedal, humanoid, fairy creature that resembles a dessert or a cake-like meringue. It has a large, white, "dress-like" body, a pink, ruffled collar, and is often adorned with strawberry-like decorations.
686	An aquatic, squid-like creature that floats upside-down. It has a dark, rounded head with a row of pink, light-emitting organs, and several tentacles dangling upwards.
687	A large, menacing, upside-down squid. It has a sharp, beak-like mouth, hypnotic, glowing patterns on its body, and powerful, fin-like appendages on its head that it uses for propulsion.
688	A creature composed of two, small, rock-like beings joined together at the side. Each half is a brown, barnacle-like creature with an orange-and-gray, hand-like head with a single eye.
689	A massive, golem-like creature formed from a large colony of barnacles. Its body is a huge, humanoid shape made of two large, gray boulders for legs and a larger boulder for a torso, with multiple, smaller, hand-like heads.
690	A small, aquatic creature that resembles a seadragon camouflaged as a piece of rotting, brown kelp. It has a simple, vertical body and a vacant expression.
691	A large, draconic, leafy-sea-dragon-like creature. Its body is a mix of purple and brown, with large, tattered, kelp-like fins that make it look like a piece of poisonous, floating seaweed.
692	A small, crustacean-like creature with an asymmetrical design. Its right claw is a massive, cannon-like appendage that is larger than the rest of its blue-and-yellow body.
693	A massive, bipedal, shrimp-like crustacean. Its most prominent feature is an enormous, rocket-launcher-like claw that covers almost half of its body and can fire powerful blasts of water.
694	A small, bipedal, lizard-like creature resembling a frilled lizard. It has a tan body and a large, black, collapsible frill around its neck that can open up to reveal a bright yellow, sun-like pattern.
695	A tall, bipedal, lizard-like creature with a sleek, tan-and-black body. It has two large, expandable, solar-panel-like frills on the sides of its neck, which it opens to absorb sunlight.
696	A small, bipedal, dinosaur-like creature resurrected from a fossil. It resembles a miniature Tyrannosaurus rex, with a brown body, a huge head and jaw, and a white, fluffy collar of feathers.
697	A massive, fearsome, Tyrannosaurus rex with a powerful, reddish-brown, scaly body. It has an immense, powerful jaw, and a shaggy, white, beard-like mane of feathers around its neck.
698	A small, sauropod-like, prehistoric creature resurrected from a fossil. It has a light blue body, two large, sail-like, aurora-patterned fins on its head, and large, gentle, blue eyes.
699	A massive, majestic, sauropod-like creature with a graceful, blue body. It has a long neck and a huge, wavy, aurora-like membrane that flows from its head down its back.
700	A quadrupedal, mammalian, fairy-like creature with a graceful, feline appearance. It has a pale cream body and uses several, long, ribbon-like feelers to sense the emotions of others.
701	A small, bipedal, bird-like, humanoid creature with a luchador or professional wrestler theme. It has a red-and-green, winged body, a mask-like head pattern, and a confident, showy posture.
702	A small, chubby, rodent-like creature with round, brown ears and a distinctive, antenna-like tuft of fur on its head. It has two pink cheek pouches for storing electricity and a long, lightning-bolt-shaped tail.
703	A small, floating, fairy-like creature with a body made of a gray, crystalline rock. A large, fluffy, cloud-like ruff of white fur surrounds its head, and it has bright, cyan-blue eyes. A large, pink, diamond-like crystal is embedded in its head.
704	A small, slug-like creature. Its body is a simple, light purple, amorphous blob with two small, stalk-like antennae and beady black eyes. It's considered one of the weakest Dragon-type Pokémon.
705	A larger, snail-like creature. Its body is a purple, gooey slug, and its "shell" is a large, translucent, dripping blob of viscous slime. Its eyes are now green and sit on top of its head.
706	A massive, bipedal, dragon-like creature with a thick, gooey, purple-and-lavender body. It has a very friendly, almost derpy expression. It has two long, retractable, horn-like antennae and a large, powerful tail.
707	A small, floating creature that resembles a single, sentient, metal key with a pink, poofy, cotton-candy-like top. It has a simple, key-like body and a small, white face.
708	A small, ghostly creature that is a spirit possessing a rotting, brown tree stump. Its true body is a small, black, shadowy creature with a single, red eye, visible through a knothole in the stump.
709	A tall, slender, haunted-tree-like creature. Its body is a silvery-white birch tree with gnarled, root-like legs and long, shadowy arms. A single, glowing, red, cyclopean eye stares from a hole in its trunk.
710	A ghostly creature that is a spirit inhabiting a small, orange pumpkin. Its size can vary greatly. Its upper body is a shadowy, bat-like creature with glowing, yellow eyes and two hair-like arms.
711	A massive, ghostly pumpkin. Its lower body is a huge, carved, jack-o'-lantern. Its upper body is a dark, shadowy creature with long, flowing, hair-like arms and a single, coiled tuft of "hair" on its head.
712	A small, quadrupedal creature whose upper body is a sharp, transparent, jagged chunk of ice. Its true body is a small, gray, stone-like head with yellow eyes, visible underneath the ice shell.
713	A colossal, quadrupedal, creature whose body is a massive, floating, icy aircraft carrier or iceberg. Its back is a flat, cracked, icy plateau, and its lower body is a mass of huge, crystalline icicles.
714	A small, bat-like creature with a dark gray, spherical, fuzzy body. It has massive, round, speaker-like ears that are larger than its entire body, which it uses to emit powerful sound waves.
715	A massive, draconic, wyvern-like bat. It has a huge, bulky body, an enormous, gaping mouth, and two massive, speaker-like ears that can generate destructive sonic booms. It has a V-shaped, fluffy ruff on its chest.
716	A majestic, legendary stag with a powerful, noble presence. In its Neutral Mode, it has black-and-blue fur and massive, multi-colored antlers. In Active Mode, its antlers and body markings glow with bright, rainbow-like light.
717	A colossal, legendary, wyvern-like creature shaped like the letter "Y". It has a red-and-black body, massive, clawed wings, and a powerful, destructive aura. Its eyes and body markings glow when it attacks.
718	A massive, serpentine, legendary creature with a long, green-and-black, hexagonal-patterned body. In its 50% Forme, it has a cobra-like head with a frill. In its Complete Forme, it becomes a giant, humanoid mecha with massive, wing-like appendages.
719	A mythical, fairy-like creature with a gray, rock-like body and a fluffy, white collar. Its head is adorned with a large, beautiful, pink, multi-faceted crystal, and it has a serene, magical presence.
720	A small, mythical, pixie-like genie that floats in the air. It has a mischievous grin, two small horns, and is often seen with several large, golden rings floating around its body. In its Unbound form, it becomes a massive, six-armed, demonic genie.
721	A mythical, quadrupedal, automaton-like creature made of gears and steam. It has a large, red, ball-like body, two large, circular, black-and-gold arms, and a powerful, internal steam engine that can create explosive vapor.
722	A small, avian creature resembling an owl. It is spherical and brown with a white, leaf-patterned face. Two large, green leaves are tied together at its chest, resembling a bow tie.
723	A larger, more adolescent-looking owl with a proud, almost snobbish demeanor. It has brown and white plumage, and its "hair" is a long, green leaf that it meticulously preens and can throw like a blade.
724	A tall, humanoid, archer-owl. It has a green, leaf-hooded cape, a powerful, athletic build, and uses a vine from its hood as a bowstring to fire sharp, arrow-like feathers from its wings.
725	A small, quadrupedal, feline creature with black fur and red stripes. It has a relaxed and aloof personality, with large, yellow eyes and a small tuft of fur on its head.
726	A bipedal, feline creature with a more muscular build. A fiery, bell-like organ has formed at the base of its neck, which jingles with heat as it moves.
727	A massive, bipedal, feline wrestler with a powerful, muscular build. It has a dark, intimidating look and a belt of fire around its waist, which it uses to power its fighting moves.
728	A small, seal-like, aquatic creature with a light blue body. It has a large, pink, clown-like nose that it uses to create and balance water bubbles. It has a frilly, light blue collar around its neck.
729	A larger, more elegant, feminine, seal-like creature. It has a long, flowing, white body, a graceful posture, and long, blue, pigtail-like ears. It has a developed sense of showmanship.
730	A majestic, mermaid-like creature with a long, flowing, fish-like tail. It has a beautiful, operatic appearance, with long, white, hair-like appendages adorned with pearls. It controls water with its voice.
731	A small, woodpecker-like, avian creature with black and white plumage and a prominent, red, mohawk-like crest. It has a sharp, powerful beak that it uses to peck at high speeds.
732	A larger, woodpecker-like bird with a sleek, black-and-white body. It has a more developed, swept-back, red crest and a look of intense focus in its eyes.
733	A massive, toucan-like bird with a formidable appearance. Its most striking feature is its enormous, rectangular beak, which can be heated to extreme temperatures, glowing red and orange before firing seeds.
734	A small, quadrupedal, mongoose-like creature with brown fur. It has a distinctive, yellow tuft of fur on its head that sweeps to one side, and a perpetually determined, scowling expression.
735	A large, bipedal, mongoose-like creature with a stout, powerful build. It stands on its hind legs with its arms crossed, giving it a detective-like or boss-like appearance. It has a thick coat of brown and cream fur.
736	A small, grub-like, insectoid larva with a blocky, geometric body. It has a large, yellow, pincer-like jaw and is often found near power plants.
737	A pupa-like creature that resembles a floating, metallic, rectangular battery or a bullet train. It has a sleek, geometric, white-and-orange body with a single, blue, glowing eye slit.
738	A large, insectoid creature that resembles a futuristic railgun or a stag beetle. It has a powerful, angular body, with two massive, pincer-like appendages that it charges with electricity before firing energy beams.
739	A small, crustacean-like creature resembling a yeti crab. It has a purple body and uses two large, blue-and-red, boxing-glove-like pincers to fight. It has a determined, scrappy look.
740	A large, powerful, yeti-crab-like creature with a massive, asymmetrical build. One of its claws is an enormous, blue, shield-like pincer, while the other is a smaller, purple, punching claw. It has a shaggy, white, fur-like covering.
741	An avian creature whose appearance changes based on the nectar it sips. Baile Style is a red, fiery flamenco dancer. Pom-Pom Style is a yellow, electric cheerleader. Pa'u Style is a pink, psychic hula dancer. Sensu Style is a purple, ghostly Japanese fan dancer.
742	A very tiny, fairy-like, gnat-like insectoid. It has a large, round head, a small, black body, and two large, transparent wings. It is covered in a fine, yellow pollen.
743	A slender, bipedal, fairy-like insectoid with a graceful, bee-like appearance. It has a fuzzy, yellow-and-black-striped body, large, green, compound eyes, and its legs are covered in large, fluffy balls of pollen.
744	A small, quadrupedal, canine-like creature with light brown fur. It has bright, blue eyes, a fluffy, curved tail, and a collar of jagged, gray rocks around its neck.
745	A large, quadrupedal wolf. Midday Form is a sleek, brown wolf with a noble appearance and blue eyes. Midnight Form is a menacing, bipedal, dark red werewolf with glowing red eyes. Dusk Form is a quadrupedal, orange wolf with green eyes.
746	A tiny, lone fish with a sad expression. It is a small, gray-and-blue fish with large, teardrop-marked eyes, giving it a perpetually crying look.
747	A small, eel-like, aquatic creature that resembles a sea cucumber. Its body is dark with purple, glowing spines. Its most notable feature is its ability to expel its internal organs, which look like a white, fist-like appendage, from its mouth.
748	A large, monstrous, coral-like creature. It has a dome-shaped, rocky base and twelve long, poisonous, tentacle-like "limbs" that it can retract. Its face is a purple, glowing structure inside the dome.
749	A small, quadrupedal, donkey-like creature with brown fur. It has large, floppy ears and its body is often covered in a layer of mud.
750	A massive, bipedal, horse-like creature with a powerful, draft-horse build. Its body is brown, and its lower legs are covered in thick, dark, clumpy mud. It has a black-and-blonde, braided mane and tail.
751	A small, aquatic, insect-like creature that wears a bubble of water around its head like a diving helmet. It has a small, green-and-brown body with six legs and large, expressive eyes.
752	A large, spider-like, aquatic insectoid. It has a sleek, green-and-brown body and maintains a large, bubble-like dome of water around its head and torso, which it uses to deliver powerful, headbutt-like attacks.
753	A small, bipedal, insectoid creature that mimics a flower. It is primarily pink and white, with a green, leaf-like collar and large, sickle-shaped, pink arms.
754	A tall, elegant, bipedal insectoid resembling an orchid mantis. It has a beautiful, pink-and-white body, with long, slender, green-and-white striped legs. Its arms are large, sharp, pink, scythe-like petals.
755	A small, mushroom-like creature with a pink, bioluminescent cap. It has a thin, white, stem-like body and large, sleepy eyes. It often gathers in groups and glows in the dark.
756	A tall, slender, mushroom-like creature with a large, pink cap. It has a lanky, pale body and long, thin, root-like arms and fingers. It emits a hypnotic, glowing light and spores.
757	A small, bipedal, lizard-like creature with a dark gray body and a purple, belly-and-tail underside. It has a bandit-like mask marking around its large, sleepy eyes.
758	A large, bipedal, lizard-like creature with a slender, purple-and-black body. It has a confident and cruel demeanor, with a long, powerful tail and the ability to release toxic, corrosive gas.
759	A small, bipedal, bear-cub-like creature with a pink-and-black body. It has a very cute, cuddly appearance and often flails its arms in a panic, despite possessing great strength.
760	A massive, bipedal, bear-like creature with a powerful, intimidating build. It has a pink-and-black body, with long, shaggy, white fur on its head and back. It has a fierce expression and incredibly strong arms.
761	A small, plant-like creature resembling a mangosteen fruit. It has a round, purple body with a thick, green calyx on its head. It has a sweet and innocent appearance.
762	A bipedal, plant-like creature with a more developed, humanoid shape. It has a green, top-like body, a large, leafy calyx on its head, and a confident, almost tomboyish look.
763	A tall, elegant, humanoid, plant-like creature with a regal, queenly presence. It has long, powerful, green legs, a purple, fruit-like torso, and a large, crown-like calyx on its head.
764	A floating, fairy-like creature that resembles a living lei or flower garland. It is a circular chain of green leaves and colorful flowers (pink, red, yellow, and purple) with a small, green, pixie-like face at the top.
765	A small, bipedal, ape-like creature with white fur. It has large, green, leaf-like "hair" and is often seen holding a large, fan-like leaf that it uses as a command baton.
766	A bipedal, lemur-like creature with a team-player attitude. It has a white-and-black body and a green, helmet-like growth of fur on its head. It often carries a green, hard berry that it throws.
767	A small, isopod-like creature with a cowardly nature. It has a purple-and-gray, segmented, armored body, and it often runs away from battles.
768	A massive, bipedal, samurai-like, giant isopod. It has a formidable, silver-and-purple, armored exoskeleton, a hunched posture, and two massive, sharp, scythe-like claws.
769	A sentient sandcastle. It is a small pile of sand with a single, small, red shovel sticking out of the top. Its "mouth" and "eyes" are hollowed-out archways in the sand.
770	A massive, well-formed sandcastle. It has a large, central keep, two smaller towers for arms, and a large, tunnel-like mouth. A red shovel is embedded in its main tower like a flag.
771	A sea-urchin-like creature with a black, spiky body. Its true face is a small, green, glowing set of eyes that appears in a small opening among its spines when it attacks.
772	A bizarre, chimeric, creature created from different animal parts. It has a canine-like head with a massive, heavy, metallic helmet, bird-like hind legs, and a fish-like tail.
773	A majestic, chimeric creature with a griffin-like appearance. It has the head and forelimbs of an eagle and the body and hind limbs of a lion. Its helmet has been shed, revealing a sharp, crested head. It has large, feathered wings.
774	A celestial, rock-like creature with two forms. In its Meteor Form, it is a heavy, spherical, brown meteor with a rocky shell. In its Core Form, its shell breaks away to reveal a small, brightly colored, floating creature (colors vary).
775	A koala-like creature that is always asleep. It has gray fur, large, fluffy, orange ears, and a large, black, oval nose. It clings to a large, brown log that it uses as a pillow.
776	A large, quadrupedal, tortoise-like dragon. Its most prominent feature is a massive, spiky, gray shell on its back that resembles a naval mine. It has a long neck and a powerful, jagged jaw.
777	A small, bipedal, fairy-like creature with a huge, oversized, disheveled head of blonde and pink hair. It has a tiny, black body, and a perpetually surprised or dazed expression.
778	A small, ghostly creature disguised as a Pikachu. It wears a crudely made, hand-drawn Pikachu costume with a bent ear and a stick for a tail. Its true, shadowy eyes are visible through two holes in the costume.
779	A large, piranha-like fish with an extremely colorful, almost garish, body pattern of pink, blue, purple, and yellow. It has a prominent, sharp, horn-like protuberance on its head that glows with psychic power.
780	A gentle, serpentine, dragon-like creature with a long, white, furry body. It has a large, green, fin-like head crest, and a calm, elderly appearance with a long, green, barbel-like mustache.
781	A ghostly creature that is a sentient, rusty anchor entwined with haunted, green seaweed. The anchor itself acts as a massive, powerful club, while the seaweed forms a ghostly face and arms.
782	A small, bipedal, reptilian creature covered in large, metallic, overlapping scales. It has a single, large, heart-shaped, yellow scale on its forehead.
783	A larger, bipedal, draconic creature with a more developed, warrior-like stance. It is covered in gray and pink, metallic scales and has a large, crest-like array of scales on its head.
784	A massive, bipedal, draconic warrior covered from head to tail in powerful, metallic, golden scales. It has a majestic and formidable presence, and its tail ends in a large, rattle-like cluster of scales.
785	A legendary, avian-like, fairy creature with a rooster-like appearance. Its lower body is a purple, bell-like shell, and its upper body is a black, pixie-like creature with a large, red, mohawk-like crest and a colorful, mask-like face.
786	A legendary, humanoid, lion-like creature with a powerful, masculine appearance. It has a white, muscular body, a face that resembles a sun, and a full, flowing, orange-and-yellow mane.
787	A legendary, skeletal, bat-like creature with a graceful, feminine appearance. It has a purple, ethereal body, massive, crescent-moon-shaped wings, and a skeletal, mask-like face.
788	A legendary, pixie-like, fairy creature with a gaseous, nebula-like body. It has a starry, cosmic pattern within its purple and blue form, and a simple, curious, child-like face.
789	A legendary creature that resembles a floating, golden, celestial cocoon or sarcophagus. It is incredibly dense and immobile, with a starry, cosmic pattern on its golden shell.
790	A colossal, legendary, lion-like creature made of a white, metallic substance. It has a powerful, majestic build, and its face is a dark, cosmic nebula that glows with the light of a sun. It is a creature of immense light and energy.
791	A colossal, legendary, bat-like creature with a massive, crescent-shaped, wing structure. Its body is a deep indigo, and its wings resemble a starry, night sky. It is a creature of immense darkness and energy.
792	A prismatic, crystalline, legendary creature with a black, geometric body. Its arms and head are made of a substance that refracts light, creating rainbow-like glimmers. Its appearance is asymmetrical and alien.
793	An alien, jellyfish-like creature. Its body is a translucent, bell-shaped, gelatinous mass with long, glass-like tentacles. It has a shimmering, iridescent surface and a vaguely humanoid shape.
794	An alien, mosquito-like creature with an incredibly muscular, humanoid build. Its body is a bulging, white, muscle-bound form, with small, red, wing-like appendages and a long, sharp proboscis.
795	An alien, cockroach-like creature with a stunningly beautiful and slender, white, feminine form. It has long, thin legs, two massive, flowing, white antennae, and moves with incredible speed.
796	An alien creature that resembles a bundle of living, black, electrical cables. The cables have exposed, sparking ends and are writhing together to form a vaguely humanoid or tree-like shape.
797	A colossal, alien creature that resembles a living, metallic, bamboo-like rocket ship. It has a massive, cone-shaped body, two huge, booster-like arms, and a small, face-like structure on its main body.
798	A tiny, alien creature that appears to be made of folded, white-and-orange paper. It has a small, humanoid, origami-like body with incredibly sharp, blade-like edges.
799	A colossal, alien creature with a huge, gaping, spherical mouth that acts as its entire torso. It has a small, secondary head on top, and two massive, pincer-like appendages that it uses to shovel things into its mouth.
800	A legendary creature whose body is composed of black, crystalline prisms. Its natural form is dark and angular, but it can absorb light to become a brilliant, blindingly bright, golden, draconic being of pure energy.
801	An artificial, metallic, humanoid creature with a spherical, gear-like body resembling a mechanical dress. It has two large, cannon-like arms, and a prominent, pink-and-red, heart-like core in its chest. Its head has two large, pigtail-like ears.
802	A small, humanoid, mythical creature made of shadow. It has a gray, child-like body with a helmet-like head made of shadow. When attacking, its head and neck-frill flare up with green and yellow spectral fire.
803	A small, purple, alien-like creature with a humanoid shape. It has a very large head with a single, long needle on top, and a smaller needle on its tail. Its eyes are large and glow with a cyan light.
804	A massive, draconic, wasp-like, alien creature. It has a sleek, purple body with two large wings. Its lower body is an enormous, stinger-like abdomen with three additional, smaller stingers protruding from it.
805	A colossal, alien creature that resembles a living, mobile tower made of stacked, gray, stone-like bricks. Each individual brick has a single, glowing, blue eye on its side, which reveals itself when the creature is active.
806	A tall, slender, alien creature with a bizarre, clown-like appearance. Its body is white and lanky, and its "head" is a separate, floating, spherical object covered in colorful spots that can explode like a firework.
807	A bipedal, feline-like, mythical creature with yellow and black fur. It has a sleek, athletic build, long, blue, lightning-bolt-like whiskers, and a long, blue, ribbon-like streamer of fur extending from its back.
808	A small, creature made of gray, liquid metal. Its head is a single, golden, hexagonal nut with a small, black, spherical eye floating inside. A single, red, wire-like tail extends from its back.
809	A massive, humanoid golem made of flowing, liquid metal. Its body is incredibly muscular and powerful, with large, golden, hexagonal nuts embedded in its joints and chest. It can spin its arms to deliver devastating punches.
810	A small, green, monkey-like creature with brown ears and tail. It has a large, leaf-like tuft of hair on its head and carries a small, wooden stick which it taps rhythmically.
811	A more slender, bipedal, green monkey with a confident, musician-like attitude. It now carries two wooden sticks and has a more stylized, band-like hairdo made of leaves.
812	A colossal, gorilla-like creature with a powerful, muscular build. It has a massive, tree-stump-like drum set that it carries on its back, and its "hair" is a huge, flowing mane of green leaves.
813	A small, energetic, bipedal rabbit with white fur. It has long ears with red-orange tips, red-orange feet, and a distinctive, yellow, square-shaped patch on its nose like a bandage.
814	A slender, humanoid rabbit with a cool, aloof demeanor. Its fur pattern resembles a red-and-gray tracksuit or hoodie, and it often keeps its hands tucked into the fluffy fur around its waist.
815	A tall, athletic, humanoid rabbit with a soccer-player-like appearance. It has a sleek, white body with red and dark blue fur patterns that resemble a sports uniform. Its build is slender and agile.
816	A small, timid, lizard-like, aquatic creature with light blue skin. It has a large, yellow, fin-like crest on its head, large, teary eyes, and a curled tail. It can become invisible in water.
817	A lanky, bipedal, lizard-like creature with a moody, adolescent-like posture. It has a purple-and-blue body, and its "hair" is a slick, wet-looking crest that hangs over one of its eyes.
818	A very tall, slender, bipedal, chameleon-like creature with a spy or secret agent theme. It has a sleek, blue-and-black body, with yellow and white accents. It can shoot jets of water from its fingertips.
819	A small, chubby, squirrel-like rodent with gray fur. It has huge, puffy cheeks that it constantly stuffs with berries, and a large, fluffy tail.
820	A very large, bipedal, squirrel-like rodent with a gluttonous appearance. It has a massive, berry-filled tail that it uses as a seat, and a perpetually stuffed, satisfied look on its face.
821	A small, round, bird-like creature with blue-and-black plumage. It has a tough, scrappy attitude, with a white, mask-like pattern around its yellow eyes and a sharp, angry-looking crest.
822	A larger, raven-like bird with a sleek, dark blue-black body. It has a confident, cunning expression and a more pronounced, swept-back crest of feathers.
823	A massive, raven-like, avian creature covered in black, metallic, armor-like plumage. It has a formidable, knight-like appearance with piercing red eyes and a stern, regal posture.
824	A small, grub-like insect with a green, segmented body. Its most notable feature is a pair of large, thick, yellow-rimmed glasses that give it a nerdy appearance. It has a small, bow-tie-like marking.
825	A pupa-like creature with an orange, cone-shaped shell. It has two massive, blue, semi-transparent, dish-like psychic antennae on its head, giving it the appearance of a small, organic satellite.
826	A large, ladybug-like insectoid that levitates. Its body is small and black, but its head is an enormous, spherical, brain-like orb patterned like a UFO, with large, blue, psychic eyes.
827	A slender, quadrupedal, fox-like creature with red fur. It has black, glove-like and sock-like markings on its paws, a black, mask-like pattern on its face, and a tail tipped like a thief's sack.
828	A tall, slender, bipedal fox with a gentleman-thief or rogue-like appearance. It has a sleek body, a black mask, thin, mustache-like whiskers, and a sly, cunning expression.
829	A small, floating, plant-like creature. Its head is a small, green bud with a massive, yellow, fluffy, dandelion-seed-like puff of pollen on top. It has a cheerful expression.
830	A small, humanoid, plant-like creature with a massive, fluffy ball of cotton on its head, which it wears like a cap. Its body is small and green, and it has a mature, gentle face.
831	A small, sheep-like creature with a perfectly spherical body made of thick, white wool. Its face, ears, and legs are black, and it has two small, braided pigtails.
832	A large, tough-looking, quadrupedal sheep. It has a dark brown body, a thick ruff of white wool, and two large, dark, curved horns. It has a proud and sturdy stance.
833	A small, turtle-like creature with a large, round, blue head and a single, sharp, yellow horn. Its body is green, and it has a powerful, snapping jaw and a determined expression.
834	A massive, bipedal, snapping turtle with a rugged, aggressive appearance. It has an enormous, jagged, powerful jaw, an extendable neck, and a heavy, craggy, brown-and-yellow shell.
835	A small, quadrupedal, corgi-like, canine creature. It has yellow and green fur, a happy expression, and a distinctive, green, heart-shaped patch of fur on its rump.
836	A sleek, greyhound-like dog with a slender, athletic build designed for speed. It has yellow-and-green fur, and generates electricity as it runs.
837	A creature that is a single, rolling piece of black coal. It has a single, glowing, red eye and moves by spinning on a small, rocky, wheel-like protrusion at its base.
838	A creature resembling a mine cart made of rock, filled with a pile of glowing hot coals. The cart forms the body and legs, while the pile of coal on top has two glowing, red eyes.
839	A colossal, golem-like monster made of black rock and coal. Its back is a massive, smoldering pile of burning coal that acts as a furnace, and it has a powerful, hulking build.
840	A tiny, green, worm-like, draconic creature that lives inside a red-and-green apple. Only its eyes and two leaf-like antennae are visible, peeking out from the top of the apple.
841	A small, green, wyvern-like dragon. It uses the shed skin of an apple as a pair of wings and as a tail fin. It has a mischievous and agile appearance.
842	A stout, quadrupedal, draconic creature whose back is covered by a large, fleshy growth that resembles an apple pie. It has droopy, apple-peel-like ears and a calm, gentle demeanor.
843	A small, tan-colored, cobra-like snake. It is often seen coiled up in the sand, with its head and a large, expandable, pouch-like hood visible.
844	A large, cobra-like snake that is perpetually coiled, with its head and neck rising from the center. Its body is a massive, swirling tornado of sand, contained by its tough, patterned skin.
845	A blue, cormorant-like bird with a vacant, slightly dopey expression. It has a unique ability to scoop up a fish or a Pikachu in its gullet, which it then spits out as a projectile.
846	A long, slender, brown, fish-like creature resembling a living arrow or torpedo. It has a very simple, streamlined body, a sharp, pointed head, and is built for ramming at high speed.
847	A massive, powerful, barracuda-like fish. It has an extremely long, streamlined body, a sharp, spear-like jaw, and a propeller-like tail, giving it a menacing and incredibly fast appearance.
848	A small, bipedal, purple, lizard-like "baby" Pokémon. It has a very grumpy, punk-rock-like expression and a body shape that resembles a toddler wearing a diaper.
849	A tall, bipedal, punk-rock-lizard. Amped Form is yellow and purple, with guitar-like chest organs. Low Key Form is blue and purple, with bass-like chest organs. Both have a spiky, rebellious look.
850	A small, flat, insectoid that resembles a fiery centipede or a hot plate. Its body is red and yellow and generates intense heat from its underside.
851	A massive, fiery centipede with a long, segmented, red-and-orange body. It has a monstrous, flaming face with two large, antennae-like whiskers, and its body glows like a furnace.
852	A small, octopus-like creature with a tan-and-green body. It has a tough, brawler-like attitude and uses its two front tentacles, which have orange, boxing-glove-like tips, to punch.
853	A large, blue, octopus-like creature with a wrestler or grappler theme. It has a powerful, muscular build, a masked-fighter-like face, and uses its eight powerful tentacles to constrict its opponents.
854	A ghostly creature that is a small, purple, liquid-like spirit possessing an antique teacup. The teacup is white with a blue, floral pattern and a small chip on the rim.
855	A ghostly, purple spirit that possesses a cracked, antique, ceramic teapot. It can pour its own body out of the spout and has a mischievous, swirling pattern on the pot.
856	A small, humanoid, fairy-like creature with a pink-and-blue body, almost entirely hidden under a large, droopy, witch-hat-like growth on its head. It has a shy and reclusive nature.
857	A taller, humanoid creature with a more defined body. It is completely covered by a large, pink-and-blue, tent-like "hat," with two long, hair-like braids that it uses as arms.
858	A tall, slender, witch-like, fairy creature. Its true, small body resides inside a massive, powerful, tent-like structure made of its own hair, which it uses to attack. It has a silent and imposing presence.
859	A small, bipedal, fairy-like creature with a mischievous, imp-like appearance. It has a pink body, large ears, a wide, toothy grin, and a perpetually energetic and troublesome attitude.
860	A lanky, green, goblin-like creature with a hunched posture. Its long, dark hair is sharp and can be used as a spear-like weapon. It has a more menacing and cunning look.
861	A massive, muscular, ogre-like, humanoid creature. Its entire body is covered in long, dark, hair-like fibers that act as muscles, giving it immense physical strength and a wild, monstrous appearance.
862	A bipedal, badger-like creature with a black-and-white, punk-rock-band aesthetic. It has a tall, aggressive posture, sharp claws, and is known for its loud, intimidating shouts.
863	A bipedal, feline-like creature with a wild, Viking-berserker appearance. It has shaggy, gray fur, and its head has hardened into a natural, horned, iron helmet.
864	The ghostly remains of a Corsola. Its body is a bleached-white, dead coral skeleton. A transparent, ectoplasmic aura surrounds it, with sad, drooping "branches" representing its lost life.
865	A noble, white, duck-like knight. It has a proud and chivalrous demeanor, and wields a massive, sharpened leek as a lance, along with a shield made of thick, tough leaves.
866	A bipedal, humanoid creature resembling a classic comedian or tap-dancer. It has a large, round belly with a frozen, face-like pattern on it, wears a block of ice as a hat, and carries a cane made of ice.
867	A cursed, ancient, rune-covered stone slab that has become a ghost. Its main body is a large, vertical stone with a glowing, red, serpentine eye-like carving. A shadowy, snake-like body holds it aloft.
868	A tiny, sentient creature made of cream. It is a small, amorphous, white blob with two tiny, dark eyes. It can evolve into many forms depending on how it's treated.
869	A humanoid creature made entirely of whipped cream. Its form and color vary, but it is typically adorned with sweets like strawberries or clovers. It has a cheerful and sweet appearance.
870	A creature composed of a coordinated team of six, small, round, brass-helmeted beings that march in a single-file line. They resemble a troop of Spartan warriors, with the one in front being the leader.
871	A small, spiky, sea-urchin-like creature. Its body is a black, spherical core with many sharp, yellow spines that conduct electricity. It often lies on the seafloor.
872	A tiny, grub-like, insectoid creature. Its body is a soft, white, conical grub with a translucent, icy shell on its back. It has two small, round, blue eyes.
873	A large, beautiful moth with a white, furry body. Its most stunning feature is its massive, delicate, ice-crystal-patterned wings that shimmer and shed a chilling dust.
874	A creature that resembles a walking dolmen or a piece of Stonehenge. Its body is composed of several large, stacked, stone slabs, with two pillar-like legs and a flat top piece.
875	A penguin-like creature with a large, perfect cube of ice covering its head as a protective helmet. When the ice breaks, its smaller, anxious, purple head is revealed.
876	A bipedal, humanoid creature with a butler or maid-like appearance. The male is blue-bodied and has upward-curling horns. The female is white-bodied with downward-curling horns. Both have a gentle, supportive look.
877	A small, rodent-like creature with two modes. In Full Belly Mode, it is a cheerful, yellow-and-black hamster. In Hangry Mode, it becomes a mischievous, purple-and-black hamster with an angry expression.
878	A small, elephant-like creature made of a copper-like substance. Its body is orange with green, patinated highlights, and it has a powerful, shovel-shaped trunk.
879	A massive, elephant-like creature with a body of weathered, patinated, copper-like metal. It has a huge, powerful trunk and a stately, ancient appearance.
880	A bizarre, chimeric, fossil Pokémon. Its top half is a small, green, reptilian dragon, while its bottom half is a large, yellow, lightning-fast lizard's body. The two halves are awkwardly joined.
881	A chimeric, fossil Pokémon. Its top half is a shivering, blue, icy reptile with a perpetually runny nose, attached to the powerful, yellow, hind legs of an electric creature.
882	A chimeric, fossil Pokémon. It consists of the powerful head and torso of a green, draconic creature, which is bizarrely attached to the tail end of a large fish.
883	A chimeric, fossil Pokémon. It has the icy head of a reptile, which is attached upside-down to the body of a fish, giving it a very strange and mismatched appearance.
884	A bipedal, draconic creature whose body is made of a lightweight but incredibly strong, polished, metallic alloy. It has an angular, almost architectural, design.
885	A small, ghostly, draconic creature. It consists of a small, green, tadpole-like head and a long, tapering, transparent, ghostly tail. It is very timid.
886	A ghostly, draconic creature with a large, triangular, stealth-bomber-like head. It carries a small Dreepy on top of its head, which it cares for.
887	A large, draconic, ghost-like creature with a sleek, stealth-bomber-shaped head. Its most unique feature is two missile-silo-like horns on its head, from which it can launch Dreepy at high speeds.
888	A legendary, wolf-like creature. In its Hero form, it is a majestic, cyan-and-white wolf. In its Crowned Sword form, it holds a massive, ornate, golden sword in its mouth, and its body is adorned with golden armor.
889	A legendary, wolf-like creature. In its Hero form, it is a majestic, magenta-and-white wolf. In its Crowned Shield form, its front body and neck are covered by a massive, golden, shield-like mane.
890	A colossal, skeletal, alien dragon. Its body is an impossibly long, purple-and-red, draconic skeleton. A massive, cage-like structure of ribs in its chest contains a glowing, red, energy core.
891	A small, bipedal, bear-cub-like creature with a martial arts theme. It has gray fur, a serious expression, and a white, headband-like patch of fur on its head.
892	A massive, bipedal, martial arts bear. Single Strike Style is dark and powerful, with a fierce, direct stance. Rapid Strike Style is blue and gray, with a more fluid, flowing, multi-hit stance.
893	A mythical, ape-like creature with a tall, slender, dark-furred body. It has a sinister appearance with piercing green eyes, and can grow and manipulate vines from its body.
894	A legendary, golem-like creature. Its body is a sphere of pure, yellow, electrical energy, barely contained by several blue, ring-like insulators. Its arms are two jagged bolts of lightning.
895	A legendary, golem-like creature. Its core is a sphere of dark, draconic energy. Its "arms" are two massive, jaw-like structures made of crystallized red, draconic energy, resembling a dragon's skull.
896	A legendary, spectral horse made entirely of solid, white ice. It has a powerful, brutish build, a jagged mane of icicles, and an icy, helmet-like mask on its face.
897	A legendary, spectral horse made of shadowy, ghostly energy. It has a sleek, black body, a mane and hooves of purple, ethereal energy, and a detached, floating tail.
898	A graceful, bipedal, mythical creature with a small, green, humanoid body and a massive, green, bud-like growth for a head, which houses its immense brain. It has a calm and regal presence.
